ID;gender;country;smoker;age;flight;storms;darkness;heights;spider;snakes;rats;aging;dogs;publictalk;selfsteem
1;male;US;smoker;22;1;1;1;1;1;5;3;1;3;2;72,5
2;male;US;smoker;18;1;1;1;2;1;1;1;3;1;4;65
3;female;US;smoker;19;1;1;1;1;1;1;1;1;1;2;67,5
4;male;US;nonsmoker;20;2;1;1;3;5;5;5;4;5;5;70
5;male;EU;smoker;23;1;2;1;1;1;1;2;2;4;3;62,5
6;female;CA;nonsmoker;26;3;2;2;2;1;2;2;1;1;3;62,5
7;male;US;smoker;18;1;3;2;1;1;5;1;4;1;1;77,5
8;male;US;smoker;23;3;2;4;3;1;5;3;1;2;4;55
9;male;US;smoker;19;2;3;1;5;5;5;2;2;3;4;62,5
10;female;US;smoker;19;4;5;4;5;3;4;4;3;5;3;57,5
11;male;US;smoker;20;1;1;2;2;2;1;1;1;4;2;77,5
12;female;SE;nonsmoker;23;4;1;1;3;5;5;5;5;5;5;77,5
13;female;GB;smoker;23;1;1;1;1;1;3;1;5;2;2;65
14;male;US;smoker;19;2;3;3;4;3;4;3;2;1;3;60
15;male;GB;nonsmoker;21;5;5;3;3;2;5;1;5;5;3;67,5
16;male;GB;smoker;18;5;1;1;1;1;1;1;1;1;2;65
17;female;NZ;smoker;24;1;3;5;4;5;3;1;2;5;4;80
18;male;CA;smoker;22;3;5;5;5;4;4;1;5;5;3;60
19;male;DE;smoker;23;1;1;1;1;1;1;1;1;1;2;72,5
20;female;AE;nonsmoker;26;3;2;2;4;4;2;2;2;2;3;65
21;female;US;smoker;23;2;2;2;2;2;2;2;1;1;2;77,5
22;female;BE;smoker;19;1;1;1;1;1;1;1;1;1;1;67,5
23;male;GB;smoker;25;1;2;1;1;5;5;3;1;3;3;77,5
24;male;DE;nonsmoker;20;2;4;5;3;3;3;2;3;3;3;72,5
25;male;US;nonsmoker;22;1;1;2;1;5;5;4;5;5;5;77,5
26;female;GB;nonsmoker;24;3;2;2;3;5;2;1;4;4;2;65
27;male;IN;nonsmoker;18;1;1;1;1;1;2;1;2;2;3;82,5
28;male;IN;smoker;22;3;5;2;2;5;5;1;4;1;2;70
29;male;US;nonsmoker;21;1;1;2;4;4;4;3;4;1;2;62,5
30;female;US;smoker;19;3;3;4;5;5;5;5;5;5;3;60
31;male;US;smoker;18;1;1;1;3;5;3;3;4;3;4;70
32;male;US;smoker;26;1;1;1;1;2;5;3;1;3;2;65
33;male;US;nonsmoker;24;3;5;5;5;5;5;5;1;5;2;65
34;female;US;nonsmoker;18;1;5;2;4;4;5;3;1;2;4;57,5
35;male;US;smoker;25;1;2;2;1;2;2;2;1;2;3;62,5
36;female;US;nonsmoker;24;3;5;3;3;4;5;4;5;5;1;80
37;female;US;nonsmoker;19;3;1;4;3;5;4;1;3;2;5;62,5
38;female;US;nonsmoker;26;1;1;1;3;;1;1;3;3;2;72,5
39;male;NZ;nonsmoker;23;3;4;2;4;5;1;1;1;3;2;67,5
40;female;US;nonsmoker;23;3;3;2;2;5;5;5;3;4;4;67,5
41;male;HU;smoker;23;1;3;5;3;5;2;5;3;5;3;67,5
42;female;GB;nonsmoker;25;2;1;1;1;1;1;1;1;1;2;70
43;male;US;nonsmoker;18;1;1;3;1;5;1;1;1;3;5;62,5
44;male;FR;nonsmoker;23;1;3;4;5;5;5;3;2;4;1;72,5
45;female;BE;smoker;26;3;2;4;5;5;5;3;3;5;3;67,5
46;male;SG;nonsmoker;19;5;2;2;5;5;4;1;5;4;4;67,5
47;female;US;nonsmoker;21;1;1;1;1;1;2;1;1;2;1;57,5
48;male;US;nonsmoker;18;1;2;1;3;1;3;5;3;4;4;62,5
49;male;US;smoker;21;3;1;2;2;2;3;3;5;3;1;62,5
50;female;MX;smoker;22;3;1;5;4;5;3;2;3;2;5;72,5
51;male;US;smoker;23;1;2;1;2;2;2;4;2;5;4;67,5
52;male;US;smoker;26;3;1;3;1;5;1;1;1;2;2;67,5
53;male;GB;nonsmoker;26;3;3;5;4;5;5;4;3;1;3;65
54;other;PL;nonsmoker;19;3;1;1;1;5;1;3;1;3;5;62,5
55;male;CA;nonsmoker;21;3;2;5;5;3;5;4;1;5;2;70
56;female;CA;nonsmoker;21;2;2;5;3;5;5;5;3;5;4;67,5
57;male;AU;smoker;24;3;1;5;3;3;5;1;5;1;3;72,5
58;male;CA;smoker;24;2;2;2;2;5;3;3;4;4;5;62,5
59;female;CA;nonsmoker;26;1;1;2;5;1;5;3;5;4;3;72,5
60;male;AU;smoker;19;5;1;1;4;2;3;1;1;2;5;52,5
61;female;AL;smoker;22;1;1;1;2;2;3;2;2;3;5;65
62;male;US;smoker;22;1;1;1;3;3;4;4;4;4;2;70
63;female;BR;smoker;18;5;5;5;5;5;5;5;5;5;4;70
64;male;US;smoker;21;3;2;2;4;;4;3;2;3;3;47,5
65;male;AE;nonsmoker;26;1;2;5;3;5;1;3;5;4;3;65
66;male;DE;nonsmoker;25;1;1;2;2;1;2;1;4;2;4;70
67;male;DE;smoker;19;3;2;3;5;1;3;2;1;1;3;65
68;female;RO;smoker;26;1;1;2;4;1;3;2;2;5;2;75
69;male;RO;smoker;20;3;5;2;2;4;5;3;1;3;5;67,5
70;male;PT;nonsmoker;22;2;5;1;1;1;5;5;1;5;3;60
71;female;GB;nonsmoker;19;2;2;2;2;4;3;3;3;4;3;62,5
72;female;AU;nonsmoker;24;1;1;1;4;3;4;3;5;5;1;67,5
73;female;GB;nonsmoker;22;1;3;3;3;5;5;4;3;4;4;65
74;female;GB;nonsmoker;18;5;2;1;3;3;3;3;5;3;5;60
75;male;CA;smoker;18;5;5;1;4;3;4;3;3;5;2;70
76;female;US;smoker;19;2;1;2;5;1;2;1;1;2;1;62,5
77;male;US;nonsmoker;23;2;3;2;3;1;5;2;1;3;3;62,5
78;male;US;nonsmoker;25;1;1;1;3;5;5;2;2;5;3;57,5
79;female;AU;smoker;19;1;1;1;1;3;3;3;5;3;4;67,5
80;male;SE;nonsmoker;26;2;3;2;4;5;5;5;2;3;4;57,5
81;male;NL;nonsmoker;23;2;1;4;2;3;4;3;1;3;4;55
82;male;GB;smoker;23;1;1;2;2;1;1;1;1;4;1;67,5
83;female;GB;nonsmoker;19;2;1;5;2;3;4;1;1;3;5;77,5
84;female;BE;nonsmoker;25;3;4;5;3;5;4;4;3;3;3;70
85;male;ZA;nonsmoker;25;1;1;1;3;3;1;1;1;1;4;65
86;female;MX;smoker;24;2;3;4;5;2;4;4;1;4;3;62,5
87;female;US;smoker;20;4;4;4;4;2;2;3;3;1;5;67,5
88;female;US;smoker;19;1;2;2;1;3;3;3;5;3;2;65
89;female;CA;smoker;24;5;2;2;4;5;1;2;1;5;5;70
90;male;AU;smoker;25;3;3;2;3;2;3;5;4;5;3;62,5
91;male;US;nonsmoker;18;2;3;1;3;5;3;1;5;4;3;70
92;male;US;smoker;22;1;3;1;1;5;5;5;5;5;1;70
93;female;MY;smoker;21;2;1;2;1;1;2;1;1;2;2;72,5
94;male;US;smoker;26;5;4;2;4;2;1;;1;1;1;70
95;male;GB;nonsmoker;21;1;1;1;4;2;1;1;1;1;3;65
96;female;US;nonsmoker;22;1;2;2;1;4;4;4;4;5;2;55
97;female;US;nonsmoker;24;1;1;1;2;4;1;1;1;5;5;60
98;female;US;nonsmoker;25;1;1;2;3;2;4;1;1;1;2;62,5
99;male;GB;smoker;18;1;1;1;3;5;1;1;3;3;1;70
100;female;CA;nonsmoker;19;2;2;3;3;5;2;1;2;2;4;70
101;female;ID;nonsmoker;24;3;4;3;5;4;3;3;1;5;3;60
102;female;US;smoker;22;2;1;1;2;5;5;3;1;3;3;7,5
103;female;US;nonsmoker;25;1;2;4;1;1;1;4;2;1;3;67,5
104;male;MX;smoker;19;1;1;1;1;4;4;1;4;2;1;65
105;female;CN;smoker;24;1;1;1;3;1;1;1;1;1;1;65
106;female;GB;smoker;26;1;2;1;2;1;4;2;1;2;2;65
107;female;BR;nonsmoker;21;2;1;1;1;2;2;2;3;2;3;57,5
108;female;DE;smoker;23;4;2;5;1;1;1;3;1;;1;65
109;female;US;nonsmoker;21;1;1;2;4;5;3;2;5;4;2;77,5
110;male;NL;smoker;18;3;1;3;2;1;4;4;1;3;4;72,5
111;female;US;smoker;19;1;1;2;4;4;4;1;2;1;2;65
112;male;US;nonsmoker;22;2;2;2;3;5;4;5;1;5;5;65
113;female;US;smoker;22;2;4;3;1;4;4;1;2;3;3;62,5
114;male;US;smoker;25;1;1;3;;3;3;3;1;1;1;67,5
115;male;GB;smoker;24;1;1;2;2;5;5;1;3;5;5;57,5
116;female;KR;smoker;18;1;1;4;5;5;5;3;5;5;2;72,5
117;female;PT;nonsmoker;26;4;2;5;5;5;5;1;3;5;4;57,5
118;female;US;smoker;20;3;1;2;4;3;5;3;2;2;4;70
119;female;US;smoker;20;2;1;1;1;2;1;1;2;1;3;65
120;male;US;smoker;26;4;2;1;2;2;4;1;1;2;3;70
121;male;TR;nonsmoker;26;1;1;2;1;1;4;4;1;1;2;67,5
122;female;US;nonsmoker;26;1;1;1;2;1;2;3;2;3;3;62,5
123;female;US;smoker;25;4;2;1;2;2;4;3;2;2;2;70
124;male;BG;nonsmoker;25;2;2;1;1;1;1;1;3;2;4;70
125;female;US;nonsmoker;22;1;1;1;2;1;1;1;1;2;1;72,5
126;male;US;nonsmoker;24;3;2;2;2;4;3;2;4;4;3;70
127;female;US;smoker;21;4;3;5;4;1;4;4;4;5;3;60
128;female;ES;smoker;20;1;2;2;2;2;2;2;4;2;2;70
129;male;GB;nonsmoker;20;1;1;1;3;1;1;1;5;5;5;60
130;female;DE;smoker;20;2;4;4;2;2;1;2;3;1;3;60
131;male;US;smoker;18;1;1;3;1;4;4;5;5;4;3;70
132;male;US;smoker;19;1;2;3;4;2;2;3;1;4;2;72,5
133;male;NZ;smoker;24;1;1;2;1;5;3;5;3;1;4;65
134;male;IL;nonsmoker;26;3;3;5;4;4;4;2;2;3;2;65
135;female;US;nonsmoker;20;3;3;3;3;5;3;1;5;5;5;72,5
136;male;US;smoker;22;4;4;5;5;5;2;1;3;1;1;65
137;male;GB;nonsmoker;24;1;1;2;4;5;3;1;1;3;2;57,5
138;female;PL;smoker;23;5;2;2;2;3;4;1;2;4;2;72,5
139;male;US;smoker;24;1;1;1;1;1;2;2;1;4;3;35
140;female;AU;smoker;18;4;4;4;4;3;5;5;4;5;2;67,5
141;male;MX;nonsmoker;19;2;2;2;5;2;4;3;2;4;3;60
142;male;US;nonsmoker;20;1;2;4;5;1;3;1;5;3;1;72,5
143;female;NL;smoker;18;3;3;1;4;4;4;4;4;5;3;62,5
144;male;NL;smoker;25;2;3;4;5;5;5;5;4;2;4;67,5
145;female;CA;smoker;26;1;1;1;1;1;1;1;1;2;5;65
146;male;US;smoker;23;2;3;4;3;5;4;3;3;4;3;87,5
147;female;US;smoker;22;1;1;1;3;1;3;1;1;3;2;70
148;female;US;nonsmoker;25;1;1;1;2;2;2;2;3;3;4;65
149;female;US;nonsmoker;23;1;2;2;3;2;3;2;2;4;3;72,5
150;female;PL;smoker;26;1;1;2;3;1;2;1;2;3;4;72,5
151;female;DE;smoker;21;2;1;2;1;5;2;1;3;3;3;62,5
152;female;ID;nonsmoker;23;3;2;1;4;3;3;4;2;2;4;65
153;male;DE;nonsmoker;23;5;1;3;3;2;3;3;5;4;1;57,5
154;male;IN;smoker;26;1;3;2;3;5;4;4;4;5;3;77,5
155;male;CA;nonsmoker;21;1;1;2;2;5;3;2;3;1;3;65
156;female;US;nonsmoker;22;1;1;5;1;2;1;5;3;1;3;62,5
157;female;GB;nonsmoker;26;1;1;1;5;1;1;1;1;5;2;70
158;male;US;nonsmoker;19;1;1;1;1;2;2;2;2;5;2;67,5
159;female;US;nonsmoker;21;3;3;2;1;5;2;2;3;5;4;67,5
160;female;AU;nonsmoker;18;2;2;3;4;2;2;3;2;3;2;67,5
161;female;US;smoker;22;1;1;1;2;1;1;1;1;1;2;72,5
162;female;US;nonsmoker;24;1;2;1;1;4;1;1;5;1;3;65
163;male;CA;nonsmoker;22;1;1;1;2;2;5;3;1;3;2;65
164;female;US;nonsmoker;20;3;3;2;4;4;3;2;2;3;4;62,5
165;male;ZA;nonsmoker;20;2;1;3;2;2;2;2;4;1;4;70
166;male;US;nonsmoker;19;3;2;2;4;4;4;5;4;4;4;67,5
167;male;US;smoker;25;1;1;2;2;4;1;1;3;2;1;77,5
168;male;US;nonsmoker;18;3;3;4;4;4;4;3;3;4;4;62,5
169;male;AU;smoker;26;1;1;1;1;1;1;1;2;2;1;65
170;male;US;smoker;20;1;2;1;1;5;3;1;1;1;3;67,5
171;male;HK;smoker;19;2;2;4;3;3;5;4;3;3;2;62,5
172;male;GB;nonsmoker;24;1;1;1;1;1;1;1;3;1;1;62,5
173;female;US;nonsmoker;25;3;1;3;2;1;1;1;4;4;5;70
174;female;US;smoker;22;1;1;2;3;2;4;3;2;1;4;60
175;male;AU;nonsmoker;19;1;5;5;5;5;5;5;5;5;;67,5
176;male;AU;smoker;20;2;1;4;1;3;5;1;4;2;3;70
177;female;AU;smoker;23;2;1;1;3;1;1;1;1;1;1;77,5
178;male;US;smoker;20;3;1;2;;1;2;3;5;1;3;65
179;male;CA;smoker;22;2;2;2;4;2;1;1;5;3;3;70
180;male;GB;nonsmoker;26;2;2;4;2;5;1;1;3;5;2;60
181;female;US;nonsmoker;21;1;1;1;1;1;1;1;1;1;1;65
182;female;CA;nonsmoker;24;1;1;1;1;1;2;3;2;2;2;75
183;male;US;smoker;22;2;3;2;1;5;4;2;1;2;3;92,5
184;male;US;smoker;19;2;2;2;2;3;1;2;1;1;1;67,5
185;female;DE;smoker;23;3;5;1;3;2;5;2;4;5;3;70
186;male;BE;nonsmoker;24;1;5;1;1;3;5;3;3;4;2;72,5
187;female;US;nonsmoker;23;2;3;3;2;5;5;5;4;4;3;65
188;female;US;smoker;22;2;1;1;1;1;1;1;1;4;3;65
189;male;GR;smoker;20;3;3;4;1;2;5;5;;5;4;62,5
190;male;GB;nonsmoker;26;1;1;2;2;3;3;2;2;2;5;72,5
191;female;US;nonsmoker;20;2;2;2;2;5;1;2;3;2;3;62,5
192;female;PH;nonsmoker;21;3;2;2;2;1;3;3;3;5;1;57,5
193;female;US;nonsmoker;25;2;1;2;1;5;1;1;4;1;3;65
194;male;IN;nonsmoker;23;3;1;2;2;1;2;4;3;1;3;62,5
195;male;US;smoker;22;2;1;1;2;3;3;4;2;3;1;65
196;male;US;smoker;25;1;2;3;4;5;5;1;3;5;3;82,5
197;male;US;nonsmoker;24;2;2;3;2;4;5;4;2;4;3;60
198;female;ES;smoker;26;1;4;4;2;4;4;4;2;4;4;60
199;female;JP;smoker;26;1;5;5;5;5;5;5;3;5;4;65
200;male;US;smoker;23;3;1;2;2;2;4;3;3;3;3;47,5
201;female;SI;nonsmoker;23;3;1;2;3;1;2;1;1;3;4;65
202;female;US;smoker;26;4;3;3;3;1;5;1;3;5;1;65
203;female;GB;smoker;20;1;1;2;2;4;4;3;2;3;1;62,5
204;female;US;nonsmoker;24;1;1;1;4;2;2;2;4;4;5;67,5
205;female;HK;nonsmoker;23;2;1;1;1;4;3;1;2;3;4;25
206;female;CA;nonsmoker;22;3;2;4;5;1;1;1;1;3;4;62,5
207;female;US;smoker;23;3;2;1;2;3;3;3;2;2;1;62,5
208;male;US;nonsmoker;20;2;3;3;2;5;3;3;1;2;3;72,5
209;female;HK;smoker;22;1;5;5;2;5;4;4;4;1;2;45
210;male;US;nonsmoker;22;4;3;1;4;5;4;2;1;4;5;72,5
211;male;EU;smoker;22;4;4;5;5;5;4;5;5;4;5;77,5
212;female;CA;smoker;26;1;2;2;5;5;5;5;5;5;1;67,5
213;female;RO;nonsmoker;26;1;1;1;2;4;4;2;1;3;3;70
214;female;US;nonsmoker;18;2;2;1;2;3;4;1;1;5;3;55
215;female;US;nonsmoker;21;3;2;2;3;5;4;3;3;3;3;65
216;male;CA;nonsmoker;22;3;1;1;1;1;1;1;5;3;1;70
217;male;US;nonsmoker;20;1;1;1;3;4;1;1;3;5;1;65
218;female;GB;nonsmoker;21;3;3;2;4;5;3;3;3;1;1;62,5
219;male;US;nonsmoker;25;1;1;1;3;1;1;2;4;3;2;62,5
220;male;GB;nonsmoker;20;1;1;1;3;1;1;1;3;2;1;70
221;female;CA;nonsmoker;21;1;3;2;2;2;3;2;1;4;3;62,5
222;female;PK;smoker;26;1;2;1;1;2;2;1;1;3;3;72,5
223;male;PK;smoker;21;1;2;1;2;2;4;2;3;5;5;72,5
224;male;PK;smoker;20;4;2;1;3;1;3;1;5;5;2;62,5
225;female;GB;smoker;21;3;1;2;1;1;3;1;2;4;3;75
226;male;US;nonsmoker;18;1;2;2;2;4;4;2;1;4;2;62,5
227;female;US;nonsmoker;18;5;5;3;5;1;2;3;5;3;5;52,5
228;female;US;nonsmoker;23;1;1;1;2;1;1;1;3;1;3;57,5
229;female;US;nonsmoker;23;3;3;3;4;1;2;1;3;3;3;57,5
230;male;LU;nonsmoker;25;1;1;1;1;1;2;1;3;2;2;77,5
231;female;CL;nonsmoker;20;2;3;3;2;5;5;2;3;4;2;52,5
232;male;GB;nonsmoker;22;3;2;1;2;1;4;3;3;3;2;60
233;male;US;smoker;19;1;1;2;1;2;3;3;5;5;5;75
234;female;US;nonsmoker;24;2;1;;4;4;2;1;5;3;3;70
235;female;US;nonsmoker;19;2;1;3;1;4;4;4;1;5;4;65
236;male;SG;smoker;25;1;1;2;1;2;5;3;1;1;2;72,5
237;male;TR;nonsmoker;22;1;3;4;5;1;1;1;5;5;1;62,5
238;female;US;smoker;22;1;1;5;1;5;1;4;3;3;5;75
239;male;AU;smoker;24;3;1;2;2;4;2;2;2;4;2;72,5
240;female;GB;nonsmoker;24;5;4;3;4;5;5;3;5;3;4;65
241;male;IN;nonsmoker;25;2;3;2;3;3;3;3;5;3;2;75
242;female;US;smoker;18;2;4;5;2;5;5;5;3;4;4;60
243;female;US;smoker;24;2;2;2;4;;3;3;2;5;1;62,5
244;male;RU;smoker;26;3;1;2;4;1;2;2;1;5;4;70
245;female;HK;smoker;20;5;3;3;2;5;4;5;3;5;4;70
246;female;RO;nonsmoker;24;2;2;1;4;1;5;1;5;5;2;60
247;male;NO;nonsmoker;26;1;1;1;1;4;4;4;5;4;1;55
248;male;ES;smoker;20;1;2;4;4;2;2;1;5;1;3;62,5
249;female;FR;nonsmoker;19;1;1;3;1;3;3;3;4;4;4;70
250;male;US;nonsmoker;20;3;1;1;1;5;2;2;3;3;5;65
251;female;JE;nonsmoker;19;3;5;4;2;1;1;2;3;3;2;67,5
252;male;JE;smoker;26;3;3;1;5;1;3;2;2;5;3;77,5
253;female;US;nonsmoker;20;5;3;3;2;4;1;3;3;3;2;60
254;male;US;nonsmoker;25;3;2;1;3;3;1;2;1;2;2;72,5
255;female;GH;nonsmoker;20;1;1;1;2;5;4;3;1;1;1;65
256;female;NZ;smoker;22;1;2;1;4;3;2;1;1;5;3;72,5
257;female;GB;nonsmoker;26;1;3;3;1;5;5;3;5;5;3;70
258;female;GB;nonsmoker;19;3;1;1;4;2;5;2;3;4;3;75
259;male;US;smoker;18;1;1;4;4;1;3;3;2;1;5;65
260;female;DK;smoker;25;1;1;1;3;1;1;1;1;5;1;72,5
261;female;US;smoker;21;3;3;3;3;3;3;3;3;3;3;67,5
262;male;GB;smoker;25;2;1;3;3;3;3;2;5;4;3;67,5
263;female;AU;smoker;22;3;2;1;2;4;5;3;1;4;4;72,5
264;female;US;nonsmoker;20;1;1;4;2;4;1;4;1;2;1;67,5
265;female;US;nonsmoker;19;3;;1;3;4;1;3;3;3;5;50
266;male;IN;nonsmoker;26;1;2;3;1;4;3;1;1;2;3;75
267;female;GB;smoker;22;1;5;4;1;3;3;2;1;3;3;57,5
268;female;IL;smoker;20;1;1;1;3;1;2;1;1;1;1;62,5
269;female;US;nonsmoker;23;1;2;4;2;5;4;2;5;4;3;60
270;female;GB;smoker;22;1;1;1;1;2;2;2;2;4;3;62,5
271;male;GB;nonsmoker;19;2;4;4;5;5;5;4;5;5;4;60
272;female;GB;smoker;23;3;3;3;1;2;4;2;4;4;4;67,5
273;female;US;smoker;18;1;1;3;2;2;1;2;5;2;4;62,5
274;male;US;nonsmoker;24;2;2;3;1;4;5;5;3;2;2;75
275;male;US;nonsmoker;18;1;3;5;5;4;4;5;5;5;2;72,5
276;male;US;nonsmoker;26;1;1;3;5;4;1;1;3;2;2;60
277;female;US;smoker;25;1;1;1;1;3;4;2;1;5;2;70
278;male;US;nonsmoker;20;2;1;1;2;5;2;2;1;1;1;55
279;female;GB;smoker;20;1;1;1;1;1;1;1;3;1;3;72,5
280;male;IN;nonsmoker;25;4;2;4;5;2;4;3;5;4;1;67,5
281;female;IN;nonsmoker;23;3;2;3;1;5;1;1;1;1;1;72,5
282;female;IT;smoker;23;1;1;2;5;2;1;1;3;4;3;70
283;female;US;smoker;20;3;4;3;3;5;5;5;3;2;5;80
284;male;GB;smoker;24;1;4;1;2;1;5;1;1;2;2;62,5
285;male;US;nonsmoker;24;1;1;1;4;3;3;1;1;3;3;75
286;male;US;smoker;20;1;2;2;2;5;3;3;3;3;3;75
287;female;GB;smoker;25;5;5;3;3;4;5;4;3;3;3;57,5
288;male;US;smoker;24;2;2;3;3;5;5;2;4;3;3;62,5
289;female;DE;smoker;22;1;4;1;2;3;3;2;2;1;1;57,5
290;female;US;smoker;23;1;1;2;2;1;1;1;1;1;2;75
291;female;US;nonsmoker;22;1;1;1;1;1;1;3;4;4;2;75
292;male;US;smoker;23;1;1;1;1;2;2;1;2;2;4;57,5
293;male;US;smoker;22;2;2;1;1;4;4;4;4;4;1;67,5
294;male;GY;nonsmoker;22;1;1;4;1;2;2;2;3;4;5;67,5
295;female;NZ;smoker;21;1;1;3;1;5;2;2;2;3;4;62,5
296;female;US;smoker;26;4;2;3;4;3;5;4;4;5;4;72,5
297;female;AU;smoker;26;1;1;1;2;1;1;1;3;1;1;67,5
298;female;IN;nonsmoker;18;1;1;2;2;1;1;1;2;2;3;67,5
299;female;US;smoker;19;1;2;5;5;3;5;3;4;4;5;70
300;male;IT;smoker;21;3;2;4;3;5;5;5;5;3;5;62,5
301;female;US;smoker;20;1;1;1;1;1;1;1;3;1;2;65
302;male;GB;nonsmoker;22;2;1;1;2;1;1;1;1;2;3;72,5
303;female;CA;nonsmoker;19;3;5;3;1;1;5;5;5;5;4;65
304;male;US;nonsmoker;23;5;1;1;2;4;4;4;2;3;1;77,5
305;male;US;nonsmoker;24;1;1;2;3;3;3;1;4;2;1;62,5
306;male;US;smoker;25;5;4;3;5;2;5;1;3;4;3;65
307;female;US;nonsmoker;24;3;3;2;5;5;2;3;1;5;4;72,5
308;male;GB;nonsmoker;25;1;5;2;1;5;4;1;1;4;4;75
309;male;FR;nonsmoker;26;3;3;3;4;3;4;5;5;3;2;67,5
310;male;MY;smoker;18;1;1;2;1;1;1;1;2;2;3;80
311;male;US;smoker;21;3;1;2;1;3;3;1;1;1;2;72,5
312;male;GB;nonsmoker;19;1;1;1;1;5;1;1;3;1;2;65
313;male;AU;smoker;22;3;1;2;3;2;2;1;1;3;3;67,5
314;female;BR;nonsmoker;22;3;2;1;1;5;5;5;1;3;3;70
315;female;GB;smoker;24;2;1;1;3;2;3;3;3;5;2;60
316;female;GB;smoker;22;1;1;1;1;5;5;5;3;4;4;65
317;female;NZ;nonsmoker;25;1;3;3;2;3;3;2;3;3;3;67,5
318;female;US;smoker;20;5;1;1;1;1;1;1;1;3;3;77,5
319;female;US;nonsmoker;21;5;5;5;5;5;5;5;3;5;3;60
320;female;LT;nonsmoker;21;2;1;2;4;5;5;4;1;4;5;72,5
321;male;IE;nonsmoker;25;1;2;2;2;1;4;1;2;1;5;65
322;female;SG;nonsmoker;20;3;3;3;3;5;5;3;3;5;2;75
323;male;CA;nonsmoker;19;3;3;3;2;2;5;2;4;5;1;67,5
324;male;LV;nonsmoker;21;1;1;3;2;4;4;1;2;5;4;77,5
325;female;MX;smoker;23;3;2;2;1;2;3;4;3;4;5;65
326;male;US;nonsmoker;19;1;1;2;2;2;1;1;2;3;4;72,5
327;female;US;nonsmoker;25;2;4;2;2;1;1;1;1;3;2;70
328;male;FR;smoker;26;5;4;2;4;5;5;3;1;2;3;75
329;female;US;nonsmoker;25;5;1;1;4;1;3;1;3;3;3;65
330;male;IN;nonsmoker;23;3;2;2;2;2;3;3;4;4;3;75
331;male;IN;smoker;24;3;5;4;3;5;3;;4;4;5;75
332;male;GB;smoker;18;1;1;2;1;3;3;1;1;1;2;70
333;female;US;nonsmoker;22;5;5;4;3;3;4;2;5;5;1;65
334;female;GB;smoker;24;3;1;1;4;3;3;3;1;3;2;72,5
335;male;GB;nonsmoker;22;3;2;1;1;4;1;1;4;4;3;75
336;male;US;nonsmoker;21;1;1;1;3;1;2;1;1;2;2;70
337;female;US;nonsmoker;26;4;1;1;4;5;5;4;1;5;3;72,5
338;male;US;nonsmoker;20;3;1;1;4;3;1;1;1;1;2;70
339;male;CA;nonsmoker;19;3;5;5;4;2;5;3;5;4;5;57,5
340;female;US;smoker;19;3;4;3;2;2;5;2;4;5;1;62,5
341;female;US;smoker;24;1;4;4;4;5;4;1;3;5;1;75
342;female;US;smoker;21;1;4;4;1;5;5;5;5;5;2;60
343;male;GB;smoker;18;2;2;3;2;5;2;2;4;1;3;60
344;female;US;nonsmoker;25;3;4;4;3;3;3;1;3;2;4;72,5
345;female;GB;smoker;21;5;4;3;5;3;5;5;1;5;3;55
346;male;US;nonsmoker;19;2;2;3;3;1;5;4;2;4;3;75
347;female;US;nonsmoker;23;1;2;2;1;1;3;3;1;4;1;72,5
348;female;DK;smoker;20;5;2;2;2;2;4;4;4;4;5;72,5
349;female;DK;nonsmoker;25;1;1;2;1;5;3;2;4;2;1;62,5
350;male;US;smoker;19;1;5;4;1;5;2;3;3;5;2;72,5
351;female;CA;smoker;26;1;1;1;3;1;1;1;2;3;3;72,5
352;female;NZ;nonsmoker;23;1;2;4;2;5;5;2;2;3;4;65
353;female;CA;nonsmoker;23;3;3;3;3;3;1;1;1;2;3;80
354;male;US;nonsmoker;25;2;1;3;2;3;3;2;2;3;3;65
355;male;ES;nonsmoker;21;1;1;3;3;3;5;5;3;4;2;72,5
356;male;BR;nonsmoker;24;1;1;1;1;5;4;2;1;3;1;80
357;male;IE;nonsmoker;20;1;1;1;4;1;1;3;2;4;2;62,5
358;female;US;smoker;21;1;1;1;5;5;1;1;3;1;2;62,5
359;male;US;nonsmoker;23;3;1;3;5;4;3;1;3;5;4;72,5
360;female;CA;nonsmoker;22;5;1;3;3;5;5;2;3;2;4;67,5
361;female;ID;nonsmoker;25;4;1;2;3;2;5;1;5;5;5;70
362;female;US;nonsmoker;24;2;2;4;1;1;2;4;5;3;1;60
363;male;US;nonsmoker;22;1;1;1;4;5;5;1;2;2;4;70
364;female;US;nonsmoker;22;1;1;1;2;5;5;1;2;2;4;60
365;female;US;nonsmoker;22;1;2;2;2;4;4;3;1;5;3;62,5
366;female;US;nonsmoker;26;1;1;1;1;1;1;1;3;1;1;62,5
367;female;US;smoker;26;3;2;2;3;1;1;1;1;3;3;65
368;female;US;nonsmoker;26;3;1;1;2;1;3;1;5;4;3;65
369;female;US;nonsmoker;19;1;1;1;1;1;1;1;2;1;5;77,5
370;female;US;smoker;23;1;1;1;2;2;2;1;5;3;3;72,5
371;female;BA;nonsmoker;23;3;5;5;4;5;5;4;2;5;3;70
372;male;GB;smoker;23;2;4;1;3;2;3;2;1;5;1;70
373;female;PL;smoker;23;1;1;1;1;1;1;1;1;3;2;67,5
374;male;US;nonsmoker;21;1;1;1;2;2;5;3;1;2;3;57,5
375;female;ID;smoker;24;3;3;3;5;5;5;5;4;3;5;90
376;male;NO;smoker;23;3;2;2;3;5;4;3;5;5;5;62,5
377;female;GB;nonsmoker;18;3;4;5;4;5;2;2;1;2;3;60
378;female;CA;nonsmoker;21;3;2;2;1;1;1;1;1;4;4;72,5
379;female;US;smoker;24;2;4;5;3;2;1;1;5;1;1;62,5
380;female;US;smoker;19;2;1;2;2;2;3;3;2;2;2;70
381;female;IS;nonsmoker;18;2;2;1;2;2;5;1;2;2;3;72,5
382;male;US;nonsmoker;24;1;2;2;2;2;2;2;3;4;3;77,5
383;male;CA;nonsmoker;20;3;5;5;5;5;5;5;5;5;4;62,5
384;male;IE;smoker;20;2;1;1;3;2;4;2;3;4;3;75
385;male;US;smoker;25;2;4;2;2;5;5;3;3;4;5;70
386;male;NO;nonsmoker;24;1;1;1;2;1;1;1;4;3;2;57,5
387;female;GB;smoker;24;1;1;3;3;2;1;1;2;4;4;60
388;female;US;nonsmoker;24;1;1;2;2;1;2;5;3;2;3;67,5
389;male;CA;nonsmoker;22;2;2;1;4;5;5;5;2;4;2;57,5
390;male;GB;smoker;23;1;3;5;5;2;5;4;1;2;3;65
391;male;EU;smoker;18;2;2;2;3;2;3;1;1;2;2;65
392;male;CA;smoker;20;3;3;3;3;3;3;3;2;4;5;80
393;male;AU;smoker;19;3;4;3;2;3;5;4;2;4;4;75
394;female;CA;smoker;19;1;1;1;3;1;1;1;2;1;1;75
395;male;US;smoker;20;4;4;5;5;5;2;4;5;4;2;72,5
396;female;US;nonsmoker;21;1;1;1;2;1;3;1;1;1;3;60
397;male;US;smoker;18;2;2;1;2;4;4;1;1;1;2;72,5
398;male;CA;smoker;22;5;3;2;5;2;4;5;3;4;3;62,5
399;female;FR;nonsmoker;22;1;2;2;3;3;5;4;1;5;1;75
400;female;GB;nonsmoker;20;2;2;1;4;1;2;2;1;4;1;70
401;female;CA;smoker;26;1;1;1;1;2;2;2;2;4;2;70
402;female;US;smoker;19;1;2;3;4;1;1;1;1;2;1;72,5
403;female;US;nonsmoker;26;1;1;1;4;1;3;5;1;5;3;70
404;male;FI;smoker;24;4;1;1;1;1;1;2;1;2;4;67,5
405;male;US;nonsmoker;19;1;1;1;2;2;2;2;3;3;2;65
406;male;US;smoker;25;1;2;2;5;3;4;3;2;4;2;65
407;male;IN;smoker;24;4;5;4;3;1;5;3;3;5;4;67,5
408;female;DE;smoker;25;1;1;1;2;4;4;5;3;5;2;65
409;male;NZ;nonsmoker;25;5;3;5;1;3;5;5;4;5;2;75
410;male;US;smoker;25;2;3;5;5;5;3;1;1;1;1;65
411;male;PL;smoker;19;1;1;1;1;1;1;1;1;1;1;72,5
412;male;US;nonsmoker;25;4;3;4;3;5;5;3;2;2;1;70
413;female;GB;nonsmoker;18;1;1;1;5;1;1;5;1;3;1;67,5
414;male;GB;nonsmoker;20;2;1;2;2;3;3;2;3;3;3;60
415;male;US;nonsmoker;18;1;2;3;4;4;4;4;1;4;1;65
416;female;US;nonsmoker;25;1;5;5;3;5;5;5;5;5;2;65
417;female;US;smoker;25;3;3;4;1;3;4;1;1;4;1;67,5
418;male;US;smoker;22;1;1;2;4;4;2;3;5;2;3;65
419;male;US;nonsmoker;18;3;4;3;4;5;5;5;2;4;3;75
420;female;US;nonsmoker;23;1;2;2;2;1;2;1;1;2;1;65
421;male;NZ;nonsmoker;22;1;5;5;5;3;5;3;1;5;3;67,5
422;male;GB;smoker;22;3;2;2;2;2;3;2;1;2;1;60
423;male;GH;smoker;23;1;3;3;3;5;5;5;2;4;4;67,5
424;male;DE;nonsmoker;24;4;4;2;4;2;5;3;5;5;1;75
425;female;MY;nonsmoker;24;;2;4;2;5;5;3;1;5;5;72,5
426;male;US;nonsmoker;23;3;3;3;5;5;5;5;1;5;3;62,5
427;female;GB;smoker;20;2;2;4;3;5;2;1;1;3;2;65
428;male;BR;nonsmoker;25;1;1;1;5;5;3;3;1;3;2;70
429;female;US;nonsmoker;22;3;3;5;3;4;4;5;3;4;3;65
430;female;HR;smoker;19;2;3;1;4;2;4;3;4;5;2;65
431;female;US;smoker;21;2;2;2;2;3;2;2;2;2;2;50
432;male;KY;smoker;18;3;2;1;4;3;4;4;3;4;4;60
433;female;MY;nonsmoker;26;1;1;2;5;2;2;2;3;3;4;62,5
434;male;CA;smoker;18;2;1;3;2;1;4;5;5;5;3;57,5
435;female;MY;nonsmoker;20;2;1;1;2;3;5;2;2;3;2;70
436;female;US;nonsmoker;20;2;4;5;5;5;2;1;2;5;2;60
437;male;US;smoker;19;1;1;2;1;3;3;2;5;3;2;70
438;female;US;nonsmoker;21;2;4;4;4;5;4;4;3;4;3;60
439;female;US;smoker;24;4;1;1;2;5;5;4;1;3;3;62,5
440;female;US;nonsmoker;22;1;1;2;4;1;1;1;4;1;3;77,5
441;female;JP;smoker;21;1;2;4;4;5;5;4;4;4;5;70
442;female;DE;smoker;24;1;1;1;1;1;3;3;2;2;4;70
443;female;SG;smoker;23;2;1;2;2;2;4;3;3;3;2;72,5
444;male;AU;nonsmoker;26;1;2;4;1;1;3;3;2;4;2;62,5
445;male;DE;nonsmoker;18;1;2;2;3;2;2;1;4;2;2;62,5
446;male;BA;smoker;24;1;2;2;3;5;5;5;1;3;2;57,5
447;male;US;smoker;19;2;1;2;4;4;4;3;1;3;4;70
448;female;NZ;nonsmoker;22;5;3;3;5;4;5;4;1;4;3;57,5
449;female;US;smoker;22;1;3;2;3;3;3;2;3;5;2;67,5
450;female;GB;nonsmoker;18;1;1;2;4;4;4;1;3;2;3;70
451;female;IE;nonsmoker;26;1;2;1;3;1;3;3;1;5;3;67,5
452;female;US;smoker;24;1;1;2;2;2;3;2;2;3;2;72,5
453;male;US;smoker;18;1;4;5;1;5;5;5;5;3;4;75
454;male;CH;nonsmoker;25;1;1;2;4;4;4;1;3;3;3;67,5
455;male;FR;nonsmoker;21;1;3;3;3;5;2;3;4;5;1;75
456;female;TR;smoker;26;3;5;5;4;4;5;5;2;5;5;65
457;male;IN;nonsmoker;24;2;1;1;2;1;1;1;1;3;4;72,5
458;female;CA;nonsmoker;19;1;1;1;3;2;2;2;2;2;4;65
459;female;GB;smoker;26;5;5;1;1;1;1;1;1;1;1;62,5
460;female;US;nonsmoker;20;2;2;2;2;2;2;2;2;3;3;67,5
461;female;US;smoker;25;1;1;1;1;1;1;1;5;2;1;67,5
462;male;AZ;smoker;25;2;2;2;2;1;2;2;2;2;2;62,5
463;male;US;nonsmoker;18;3;2;3;4;3;4;5;5;5;3;55
464;male;IN;smoker;25;4;4;4;4;2;5;1;3;5;5;70
465;male;CA;smoker;23;1;2;3;5;4;4;5;3;5;1;67,5
466;male;US;smoker;24;2;2;1;1;1;3;1;3;1;2;72,5
467;male;NO;smoker;18;1;1;1;1;3;5;1;1;3;3;70
468;female;US;nonsmoker;21;2;2;3;4;5;5;5;4;5;5;72,5
469;female;RO;nonsmoker;25;2;2;1;1;2;3;2;3;3;4;67,5
470;female;US;smoker;20;2;2;2;2;1;1;1;4;1;3;62,5
471;male;US;smoker;19;3;1;5;2;1;3;3;3;4;4;70
472;female;TT;nonsmoker;19;1;1;2;2;3;1;1;3;2;1;60
473;female;HK;smoker;19;3;4;2;4;1;1;1;4;1;5;65
474;female;US;smoker;19;1;1;1;1;2;2;1;1;2;4;60
475;female;US;nonsmoker;25;1;3;4;4;3;5;5;2;3;5;65
476;male;IN;nonsmoker;20;2;3;5;1;1;4;3;1;2;3;70
477;female;GB;smoker;22;2;5;2;5;2;2;2;2;2;3;62,5
478;female;IN;nonsmoker;20;1;1;1;3;2;2;1;3;2;1;65
479;male;IN;nonsmoker;22;5;1;3;4;2;2;2;2;4;4;82,5
480;male;US;smoker;24;1;2;2;1;3;3;3;3;3;2;67,5
481;male;DE;nonsmoker;26;2;2;4;1;2;3;1;1;2;4;67,5
482;female;US;nonsmoker;18;1;1;1;1;1;1;1;3;3;2;60
483;male;GB;nonsmoker;23;2;1;2;4;2;2;2;1;2;4;62,5
484;female;US;nonsmoker;23;1;1;3;1;4;3;1;4;5;3;75
485;female;US;nonsmoker;25;1;3;1;2;5;5;1;5;5;5;52,5
486;female;HK;smoker;24;1;1;2;1;5;1;1;5;2;3;65
487;male;US;smoker;22;3;4;3;4;5;4;3;4;5;2;65
488;male;PH;nonsmoker;19;1;1;5;1;3;5;5;1;3;1;75
489;female;CA;nonsmoker;23;1;2;1;2;1;1;1;1;1;2;75
490;female;IN;nonsmoker;23;1;1;1;4;5;4;2;5;5;1;60
491;male;US;smoker;22;2;1;1;2;5;5;5;5;5;4;75
492;male;US;nonsmoker;23;2;5;3;2;5;1;1;1;4;3;72,5
493;male;GB;nonsmoker;19;2;1;2;3;4;3;2;2;2;3;67,5
494;female;US;smoker;19;2;1;1;4;2;3;3;2;2;3;67,5
495;male;BR;smoker;21;2;2;1;2;1;2;2;3;3;1;72,5
496;male;CA;nonsmoker;24;1;2;3;2;4;4;3;5;2;4;60
497;male;US;nonsmoker;22;3;2;2;2;5;3;3;2;3;3;62,5
498;male;AU;nonsmoker;21;1;1;1;1;1;2;4;1;4;3;67,5
499;male;EU;nonsmoker;26;4;1;1;4;1;4;3;3;4;3;65
500;male;NL;smoker;26;3;1;1;3;1;1;1;1;4;2;60
501;male;GB;nonsmoker;25;1;3;2;3;2;4;4;2;3;3;87,5
502;male;MY;smoker;26;1;2;2;2;5;4;5;3;5;5;70
503;female;HK;nonsmoker;25;2;1;1;2;3;3;1;2;3;2;65
504;male;US;smoker;18;2;1;2;1;4;5;4;3;5;4;72,5
505;female;US;smoker;24;5;3;1;1;1;1;1;1;1;4;60
506;male;IN;smoker;25;3;2;2;3;1;5;2;2;4;3;70
507;male;US;nonsmoker;21;1;1;1;1;2;1;2;1;1;2;72,5
508;female;US;smoker;22;3;2;2;2;5;3;2;1;5;2;67,5
509;male;US;smoker;18;3;2;2;4;4;4;1;1;4;3;67,5
510;female;PH;nonsmoker;19;2;2;1;1;1;4;4;5;4;1;0
511;male;IN;smoker;21;1;3;1;1;1;2;1;5;2;1;67,5
512;female;US;nonsmoker;18;2;1;2;1;2;1;2;2;4;2;60
513;female;US;smoker;23;5;5;1;3;5;5;5;1;5;1;65
514;male;US;smoker;26;1;1;1;1;1;1;1;2;2;3;57,5
515;female;US;smoker;18;2;3;3;3;4;4;4;3;5;1;70
516;female;US;nonsmoker;21;1;1;3;1;2;1;1;1;3;3;70
517;female;US;smoker;23;5;5;5;5;5;1;1;5;1;3;70
518;male;LT;smoker;26;3;2;1;3;1;3;4;4;5;4;62,5
519;female;NL;nonsmoker;24;2;1;5;2;2;1;1;3;2;3;62,5
520;female;GB;smoker;19;1;1;1;2;1;3;1;5;2;4;67,5
521;female;NL;nonsmoker;23;4;2;5;2;5;5;4;3;4;1;65
522;female;US;smoker;24;3;4;5;1;1;1;3;2;4;5;55
523;female;US;smoker;24;1;1;1;3;2;3;1;3;1;2;62,5
524;female;US;smoker;21;1;1;1;2;1;1;1;3;3;4;62,5
525;male;US;smoker;24;1;2;3;2;2;1;1;3;2;5;72,5
526;female;US;smoker;25;4;2;2;3;1;1;1;3;3;2;65
527;female;US;nonsmoker;26;1;1;1;2;1;2;2;4;3;2;62,5
528;female;US;nonsmoker;20;1;1;1;2;3;3;3;2;3;3;65
529;female;US;smoker;19;1;2;1;3;1;3;1;1;4;3;65
530;female;US;nonsmoker;23;1;1;2;2;1;1;1;3;1;3;67,5
531;male;CA;smoker;26;1;2;3;3;3;1;2;2;4;2;65
532;male;US;smoker;25;1;1;1;3;2;5;1;1;1;2;67,5
533;female;US;smoker;20;4;1;1;2;2;2;1;4;1;1;57,5
534;female;US;smoker;20;1;1;1;2;1;1;1;2;2;1;72,5
535;male;IN;nonsmoker;18;3;2;2;4;5;5;5;3;5;4;60
536;female;US;nonsmoker;19;1;1;3;1;1;3;1;1;1;1;72,5
537;female;US;smoker;22;1;2;5;1;5;3;3;5;1;1;62,5
538;male;US;nonsmoker;25;3;1;3;2;2;3;1;5;3;3;67,5
539;male;US;nonsmoker;22;4;3;3;3;5;5;5;2;5;2;60
540;female;IN;smoker;25;1;2;2;4;4;5;5;4;4;1;62,5
541;female;US;nonsmoker;24;3;3;3;3;3;5;;4;3;3;70
542;female;US;nonsmoker;25;1;2;1;1;3;4;3;1;2;2;62,5
543;female;GB;nonsmoker;24;2;2;4;5;4;4;4;2;3;4;60
544;female;ZA;nonsmoker;20;4;3;2;4;4;5;3;1;4;1;70
545;female;AU;smoker;18;1;1;1;4;1;1;2;4;5;3;70
546;male;GB;smoker;22;5;3;1;3;3;3;3;3;5;3;60
547;female;CA;smoker;18;1;1;1;1;1;2;1;2;5;1;62,5
548;female;US;nonsmoker;25;1;1;2;3;1;1;1;1;4;1;65
549;female;US;smoker;22;3;2;3;4;1;5;2;1;3;3;65
550;female;US;smoker;18;3;3;5;2;2;5;5;5;1;1;67,5
551;female;US;nonsmoker;26;1;1;4;3;5;4;4;1;4;4;72,5
552;male;NL;smoker;18;4;3;5;4;5;4;3;2;5;4;75
553;female;US;nonsmoker;22;2;2;1;2;5;5;5;3;3;1;67,5
554;female;US;nonsmoker;20;1;4;4;3;5;4;4;5;4;3;60
555;female;US;smoker;18;3;2;2;3;2;3;2;2;3;3;75
556;female;US;nonsmoker;21;1;4;4;5;1;5;1;3;5;5;65
557;female;US;nonsmoker;18;2;1;1;2;5;5;5;4;5;4;57,5
558;male;US;smoker;25;1;3;5;5;5;5;4;5;4;5;70
559;male;US;nonsmoker;25;2;2;2;3;5;5;5;2;3;2;80
560;female;US;nonsmoker;21;1;3;3;2;1;5;3;5;4;3;65
561;female;US;smoker;22;4;5;5;5;1;5;5;5;5;4;60
562;female;US;nonsmoker;19;3;1;2;2;2;1;1;3;2;3;60
563;female;US;nonsmoker;23;3;3;1;1;1;3;1;1;3;3;60
564;female;US;smoker;20;1;2;1;4;4;4;4;4;1;1;62,5
565;female;US;nonsmoker;23;1;1;1;1;5;5;5;1;2;1;65
566;female;US;nonsmoker;21;1;1;3;3;5;4;4;3;3;4;62,5
567;female;US;smoker;19;2;1;2;4;3;5;2;1;2;5;55
568;female;HK;smoker;25;2;2;2;3;1;3;2;4;4;2;65
569;male;US;smoker;24;2;5;3;3;3;5;4;4;5;3;60
570;female;US;nonsmoker;22;4;2;3;1;2;3;2;1;3;2;55
571;male;GB;smoker;19;1;1;1;4;1;5;4;5;4;1;65
572;female;US;smoker;24;2;3;4;4;3;1;1;1;5;4;62,5
573;female;US;nonsmoker;24;1;1;1;2;2;1;1;3;2;3;72,5
574;female;US;smoker;23;1;1;1;3;5;5;5;1;1;3;65
575;female;CA;smoker;24;1;1;1;1;1;1;1;1;1;2;55
576;male;US;nonsmoker;19;2;2;2;2;2;3;3;4;4;2;67,5
577;male;US;nonsmoker;25;1;1;1;2;4;1;1;1;1;2;67,5
578;male;AT;nonsmoker;21;3;3;4;3;5;5;5;2;5;2;60
579;female;US;nonsmoker;24;3;3;1;1;4;5;2;4;5;4;67,5
580;female;GB;smoker;22;4;2;2;4;2;4;1;2;3;4;80
581;female;US;nonsmoker;23;1;1;1;1;1;2;1;1;1;1;62,5
582;female;US;nonsmoker;23;2;2;3;3;5;5;3;4;5;4;57,5
583;female;US;smoker;21;2;2;2;2;4;4;2;3;3;2;60
584;female;NL;smoker;23;2;1;4;2;1;1;1;1;2;2;70
585;female;US;nonsmoker;24;3;1;1;3;3;3;3;3;3;4;77,5
586;female;US;smoker;26;5;4;3;3;3;5;3;4;5;3;60
587;female;US;smoker;20;1;3;1;5;3;1;1;3;5;2;65
588;female;US;smoker;21;2;3;3;1;3;3;1;1;2;2;60
589;female;US;smoker;25;1;2;2;1;5;5;4;2;5;3;67,5
590;male;US;nonsmoker;21;1;5;3;1;5;1;1;2;1;1;62,5
591;male;GB;smoker;24;2;2;1;2;1;1;1;3;4;2;72,5
592;female;US;nonsmoker;18;5;1;5;1;1;4;2;3;3;3;70
593;female;US;smoker;24;1;1;2;5;1;5;5;3;3;2;55
594;female;US;nonsmoker;22;2;2;2;3;2;1;1;1;2;2;65
595;female;US;smoker;19;3;2;2;2;1;3;2;5;5;1;75
596;male;GB;nonsmoker;20;2;1;1;5;1;1;1;1;3;5;65
597;female;GB;nonsmoker;19;1;1;1;1;1;1;1;2;2;4;65
598;female;CH;nonsmoker;22;3;1;2;2;1;4;4;3;4;5;67,5
599;female;US;smoker;25;1;1;2;4;4;3;2;5;3;4;65
600;male;US;nonsmoker;20;3;1;2;4;2;2;2;3;3;3;65
601;female;US;smoker;22;3;3;4;2;5;3;1;1;3;2;75
602;female;US;nonsmoker;18;3;4;4;3;3;5;4;2;5;2;62,5
603;female;US;nonsmoker;26;1;1;1;2;3;2;2;1;2;1;65
604;female;US;smoker;19;2;3;4;4;3;4;4;4;2;2;70
605;female;CA;smoker;23;2;3;5;4;5;5;3;3;5;5;72,5
606;female;US;smoker;26;1;1;1;1;5;5;1;3;2;4;67,5
607;female;US;smoker;25;4;1;2;2;1;1;1;2;3;2;67,5
608;female;US;nonsmoker;21;3;2;3;3;2;2;1;1;4;2;57,5
609;female;US;smoker;24;3;4;2;4;2;5;2;4;2;3;62,5
610;female;US;smoker;23;3;1;1;1;1;1;1;1;2;1;65
611;male;BR;smoker;24;3;1;2;3;5;2;2;4;3;4;62,5
612;male;US;smoker;23;1;4;4;3;4;4;3;2;3;3;67,5
613;female;US;nonsmoker;21;1;3;3;3;3;3;3;3;3;1;75
614;male;GB;nonsmoker;20;4;2;4;4;5;5;4;3;2;4;67,5
615;female;GB;smoker;25;5;3;1;5;1;5;1;5;1;1;65
616;male;US;nonsmoker;20;2;1;1;2;1;1;1;1;3;1;75
617;female;US;nonsmoker;20;1;1;1;1;1;1;1;1;1;1;75
618;female;AU;nonsmoker;20;3;1;1;4;1;1;3;2;3;1;77,5
619;female;US;smoker;26;1;1;1;1;3;1;1;1;1;3;65
620;male;IN;nonsmoker;21;1;1;2;2;3;5;2;4;3;1;100
621;male;US;smoker;21;1;1;1;1;3;3;1;2;2;4;67,5
622;female;AU;smoker;22;4;1;1;3;5;1;2;5;4;5;60
623;female;GB;nonsmoker;19;5;2;3;2;2;4;1;4;1;1;75
624;male;IN;smoker;25;1;1;2;4;1;5;2;2;4;2;65
625;male;IN;nonsmoker;19;3;1;4;1;5;2;1;2;1;4;62,5
626;female;US;smoker;21;1;3;3;3;5;5;5;1;4;1;70
627;female;US;smoker;18;3;4;4;5;2;2;4;3;2;3;62,5
628;female;US;nonsmoker;21;4;4;3;3;3;4;4;5;5;5;65
629;male;CA;smoker;22;1;1;1;1;1;1;1;3;1;4;72,5
630;female;US;smoker;26;1;3;2;1;3;5;2;1;2;2;50
631;female;US;smoker;23;3;3;3;5;5;4;4;1;5;5;42,5
632;male;US;nonsmoker;24;3;1;1;2;4;2;2;3;5;1;62,5
633;male;IN;nonsmoker;25;1;1;2;2;1;1;1;4;3;4;67,5
634;female;US;smoker;20;1;1;1;4;1;3;1;1;3;1;72,5
635;female;GB;smoker;19;1;1;2;1;4;3;2;2;3;2;65
636;male;AU;smoker;26;2;2;2;3;3;3;3;4;4;4;67,5
637;female;US;nonsmoker;25;2;3;3;3;3;1;1;3;1;1;67,5
638;male;US;nonsmoker;18;1;1;2;2;1;3;2;3;4;1;67,5
639;male;US;nonsmoker;23;2;1;2;5;3;3;2;4;4;3;72,5
640;male;US;smoker;18;3;1;2;5;3;2;1;3;3;4;67,5
641;male;IN;nonsmoker;19;1;3;1;2;5;5;5;3;5;3;45
642;male;HK;smoker;18;2;2;3;4;2;2;2;5;2;3;55
643;male;ZA;nonsmoker;26;1;2;2;5;1;1;1;3;5;4;70
644;female;NL;nonsmoker;26;1;2;4;1;2;2;2;1;2;2;65
645;male;GB;smoker;23;1;2;2;1;4;2;1;2;3;2;75
646;female;GB;smoker;19;1;3;1;2;1;2;1;2;4;3;60
647;female;SE;nonsmoker;18;1;1;1;2;2;1;1;1;2;2;70
648;male;TT;smoker;25;3;3;5;5;3;5;5;1;5;3;67,5
649;female;GB;nonsmoker;24;3;4;4;3;4;4;4;4;5;3;62,5
650;male;GB;nonsmoker;18;1;2;2;2;5;2;1;1;1;3;70
651;male;GB;nonsmoker;24;2;1;1;2;2;2;4;4;3;3;80
652;female;US;smoker;18;1;1;1;2;1;3;1;2;3;2;60
653;male;HK;nonsmoker;22;3;1;2;3;4;4;4;2;4;3;62,5
654;female;US;smoker;26;1;1;3;3;2;3;4;1;2;2;70
655;male;IT;smoker;18;2;2;2;3;4;5;5;3;3;2;60
656;female;US;nonsmoker;20;3;2;4;3;4;4;4;3;5;4;60
657;female;US;nonsmoker;19;5;2;2;2;5;5;5;3;5;3;72,5
658;female;US;nonsmoker;25;1;4;5;3;4;5;5;4;3;2;62,5
659;male;US;nonsmoker;23;1;1;1;1;1;1;1;1;2;1;67,5
660;female;AU;smoker;22;1;1;3;3;1;1;1;5;4;5;67,5
661;female;US;smoker;24;3;3;5;4;2;5;5;5;5;5;57,5
662;male;GB;smoker;25;1;2;2;3;2;2;3;4;3;3;57,5
663;female;US;smoker;25;1;3;3;3;4;5;3;1;4;5;75
664;male;NO;smoker;21;2;2;2;2;2;2;2;2;2;2;65
665;female;BG;nonsmoker;21;1;3;5;4;2;5;5;4;4;2;62,5
666;female;IN;smoker;24;1;1;1;2;3;1;1;3;4;4;62,5
667;female;HK;nonsmoker;18;1;1;2;1;2;1;1;2;1;3;67,5
668;male;IT;nonsmoker;19;1;1;2;2;2;2;1;1;1;4;72,5
669;male;US;nonsmoker;21;1;3;3;4;2;1;1;4;1;2;55
670;female;ZA;smoker;22;4;2;2;2;2;2;2;2;2;4;85
671;male;US;smoker;23;1;1;1;1;1;1;1;1;1;2;62,5
672;female;PT;smoker;19;2;2;5;5;2;3;5;5;4;3;75
673;male;ZA;smoker;21;1;3;2;1;5;5;3;5;5;4;62,5
674;male;GB;nonsmoker;24;3;1;1;3;4;3;1;3;3;2;72,5
675;male;RO;nonsmoker;19;1;1;1;2;1;3;3;3;2;3;65
676;female;US;smoker;22;4;5;3;2;4;3;3;2;5;4;62,5
677;female;MT;nonsmoker;25;1;2;2;2;3;3;4;3;3;3;62,5
678;female;US;smoker;26;1;1;1;2;1;1;1;1;3;5;70
679;female;US;nonsmoker;24;1;1;1;1;3;1;3;3;1;5;72,5
680;female;US;nonsmoker;23;3;1;2;1;1;2;3;3;5;5;70
681;female;US;nonsmoker;23;1;3;2;1;5;3;1;1;1;3;57,5
682;male;US;smoker;24;3;2;4;4;5;4;1;1;1;4;72,5
683;female;US;nonsmoker;22;3;1;1;2;2;5;3;2;4;3;70
684;female;GB;smoker;21;5;4;2;3;;4;5;3;5;3;65
685;male;IT;nonsmoker;19;4;4;4;3;3;3;5;1;3;4;65
686;female;CZ;nonsmoker;25;2;3;2;4;4;4;3;1;2;4;67,5
687;male;US;smoker;22;3;3;3;3;3;3;3;3;3;3;67,5
688;male;GB;smoker;23;5;1;2;2;5;2;2;3;4;1;60
689;female;QA;nonsmoker;24;1;2;1;1;5;5;5;3;5;3;57,5
690;female;US;smoker;24;2;1;2;3;1;4;2;1;2;3;65
691;male;IN;smoker;25;1;1;3;3;4;5;4;1;5;4;70
692;male;US;nonsmoker;22;1;2;2;2;5;5;4;3;3;4;62,5
693;male;GB;nonsmoker;22;2;3;3;3;1;1;1;3;2;3;67,5
694;male;US;smoker;21;2;3;2;3;2;3;4;3;5;4;50
695;male;US;nonsmoker;24;2;2;1;1;3;5;2;1;2;1;75
696;male;US;nonsmoker;23;2;4;3;3;5;3;2;1;1;3;62,5
697;male;GB;smoker;20;3;1;1;1;1;1;1;1;1;1;62,5
698;male;GB;smoker;26;1;3;3;2;5;5;5;1;4;5;65
699;male;US;nonsmoker;24;5;3;3;3;2;4;4;5;5;4;72,5
700;male;GB;smoker;22;3;2;2;2;2;4;3;3;2;3;57,5
701;female;US;nonsmoker;22;1;3;3;3;2;5;5;3;5;1;62,5
702;male;FR;nonsmoker;26;1;1;1;1;3;1;1;2;1;2;77,5
703;female;US;smoker;18;1;1;2;2;4;4;4;1;3;1;70
704;female;US;nonsmoker;23;1;1;1;1;1;2;1;1;3;2;62,5
705;female;DE;smoker;26;1;1;4;1;5;4;2;3;4;3;70
706;female;FR;smoker;26;1;4;1;1;1;5;1;1;1;3;62,5
707;female;NZ;smoker;24;3;1;1;2;1;1;1;3;1;5;70
708;male;DE;smoker;21;1;1;1;2;1;2;3;5;3;4;70
709;male;JP;smoker;20;4;1;1;5;1;3;1;1;1;2;55
710;female;PT;smoker;24;1;2;2;2;1;1;2;3;2;4;75
711;female;GB;nonsmoker;26;3;1;1;2;2;1;1;5;2;1;65
712;male;NG;smoker;26;3;2;4;5;2;5;4;1;4;3;87,5
713;female;US;smoker;23;1;2;3;3;5;4;3;1;3;3;67,5
714;male;US;nonsmoker;21;1;4;3;4;5;3;3;4;3;1;57,5
715;female;ES;nonsmoker;19;1;4;4;4;4;4;4;1;4;5;75
716;female;GB;smoker;18;1;2;2;2;2;1;1;1;2;2;60
717;male;US;smoker;23;1;1;2;3;3;1;1;1;3;3;75
718;male;US;smoker;22;1;1;1;2;3;4;1;1;3;3;67,5
719;female;US;nonsmoker;26;3;3;2;1;5;1;1;3;3;2;57,5
720;male;US;smoker;22;1;2;2;2;2;2;2;2;3;3;65
721;male;IE;nonsmoker;20;1;1;3;1;1;2;1;1;5;5;62,5
722;male;US;nonsmoker;20;1;1;1;1;3;1;1;1;1;1;77,5
723;female;US;smoker;25;3;3;5;3;2;4;4;2;4;3;70
724;female;SV;smoker;25;2;3;4;5;5;5;4;5;5;3;60
725;female;CA;smoker;21;1;2;2;1;5;3;1;2;2;2;72,5
726;female;US;nonsmoker;22;1;1;1;4;1;1;1;3;1;4;70
727;other;RO;nonsmoker;21;1;1;1;4;3;3;1;3;4;1;62,5
728;female;US;smoker;21;3;1;1;5;3;5;5;2;3;3;70
729;female;US;smoker;25;1;1;3;1;5;5;5;5;3;1;62,5
730;female;FI;smoker;22;1;1;2;4;2;4;2;1;3;4;70
731;male;US;smoker;22;1;3;2;2;2;5;3;3;2;1;62,5
732;female;US;nonsmoker;26;1;2;1;1;1;1;1;2;4;3;55
733;male;GB;smoker;26;3;2;2;2;2;4;4;2;2;2;70
734;male;US;smoker;26;4;2;2;3;2;4;4;4;3;2;62,5
735;female;US;smoker;20;1;2;1;3;1;2;1;2;4;2;72,5
736;male;IN;smoker;23;5;3;2;4;3;5;3;4;5;3;67,5
737;male;US;smoker;18;2;2;4;3;3;2;1;4;1;2;72,5
738;female;AU;nonsmoker;21;3;3;4;3;3;2;4;5;3;3;72,5
739;male;GB;smoker;21;1;1;1;2;1;5;1;1;5;3;65
740;female;US;smoker;21;1;1;2;1;2;2;1;1;1;1;72,5
741;male;GR;nonsmoker;18;1;1;1;1;3;5;3;3;1;3;70
742;male;GR;smoker;20;1;1;1;1;1;1;1;1;1;1;47,5
743;male;GR;nonsmoker;23;1;1;2;4;2;2;3;1;3;2;72,5
744;male;RU;smoker;20;1;1;1;2;1;1;1;1;1;2;80
745;female;GB;smoker;23;1;1;2;3;1;3;1;1;3;4;67,5
746;female;US;nonsmoker;18;2;3;2;4;3;3;1;1;2;2;70
747;male;US;nonsmoker;21;4;3;3;3;5;5;5;5;5;3;62,5
748;male;US;nonsmoker;18;1;1;3;1;1;1;1;1;5;5;67,5
749;male;US;smoker;20;4;1;3;3;5;1;1;3;1;1;75
750;male;US;smoker;18;3;1;1;3;3;3;3;1;2;3;62,5
751;male;US;nonsmoker;18;1;1;1;1;1;1;1;1;2;1;75
752;male;US;smoker;18;1;1;1;1;1;1;1;3;1;4;70
753;male;US;smoker;21;2;5;4;1;2;4;5;4;5;4;62,5
754;male;GB;nonsmoker;26;2;2;2;3;2;4;2;3;2;3;67,5
755;female;ES;smoker;24;3;2;1;1;2;2;2;1;1;1;70
756;female;SE;nonsmoker;21;3;4;4;3;1;3;3;4;3;4;67,5
757;female;US;nonsmoker;18;2;1;2;2;1;2;1;3;2;1;60
758;female;US;nonsmoker;18;1;2;5;2;2;4;4;2;4;4;75
759;female;US;nonsmoker;19;1;2;2;2;2;5;3;1;3;3;65
760;female;CA;nonsmoker;24;3;2;2;3;2;5;2;3;2;2;75
761;female;CA;nonsmoker;19;4;1;3;4;3;3;2;3;3;3;60
762;female;US;nonsmoker;19;1;1;1;1;1;1;1;1;1;1;65
763;female;US;smoker;25;1;1;1;1;1;1;1;1;1;1;62,5
764;female;AU;nonsmoker;21;3;3;1;3;3;3;5;1;5;4;62,5
765;male;IN;nonsmoker;22;1;2;2;3;5;5;5;4;5;4;25
766;male;IE;smoker;20;1;1;1;1;1;1;1;1;3;3;57,5
767;male;GB;nonsmoker;25;4;4;4;4;4;5;5;3;3;2;62,5
768;female;NO;smoker;19;2;5;5;3;3;4;2;2;3;4;60
769;male;US;smoker;21;1;1;2;3;4;5;4;2;3;4;62,5
770;female;PT;nonsmoker;26;2;2;2;2;2;2;2;2;2;2;70
771;female;US;smoker;22;1;2;3;4;5;4;3;2;1;2;85
772;female;CA;nonsmoker;25;2;1;3;2;1;4;3;2;4;4;65
773;male;TR;smoker;20;3;2;2;2;4;5;5;4;4;4;55
774;male;TR;smoker;24;2;2;2;2;5;5;4;3;2;4;65
775;male;SE;nonsmoker;19;4;2;2;2;2;2;4;2;2;2;60
776;female;MN;smoker;18;3;2;2;2;3;5;3;3;3;2;65
777;male;PL;smoker;26;4;1;1;1;1;1;1;1;1;2;62,5
778;male;GB;smoker;19;3;1;1;2;1;1;1;2;1;2;55
779;female;GB;smoker;24;4;3;4;3;5;5;3;3;4;5;62,5
780;male;DE;smoker;19;1;3;3;2;5;2;1;1;4;1;72,5
781;male;US;smoker;23;2;1;2;3;1;5;3;2;3;3;65
782;female;US;smoker;22;1;3;1;1;1;2;1;3;5;4;75
783;female;ID;smoker;18;2;4;5;4;2;1;1;3;3;3;62,5
784;female;US;nonsmoker;20;3;1;;2;1;3;1;3;3;3;82,5
785;female;US;smoker;23;1;1;1;1;2;2;4;1;2;2;67,5
786;male;US;nonsmoker;23;1;1;1;3;1;3;3;1;2;1;62,5
787;female;DE;nonsmoker;20;;1;1;2;1;1;1;5;1;1;67,5
788;male;US;smoker;22;2;2;3;2;1;1;1;2;2;1;70
789;female;GB;smoker;25;1;1;3;1;1;2;3;5;5;1;47,5
790;female;GB;smoker;18;4;4;5;3;3;4;4;5;5;3;40
791;female;GB;smoker;24;2;2;1;5;2;2;1;4;3;4;57,5
792;female;GB;nonsmoker;20;2;1;2;2;2;5;4;1;3;2;65
793;male;US;smoker;22;3;3;3;4;1;1;4;4;5;4;62,5
794;male;BO;smoker;25;3;3;3;4;1;5;5;1;3;3;62,5
795;female;US;smoker;19;1;1;1;1;1;5;1;1;1;3;67,5
796;female;MY;smoker;26;1;1;1;1;5;5;3;3;1;5;85
797;male;AU;smoker;24;5;3;4;5;5;5;3;4;3;4;67,5
798;male;US;nonsmoker;21;3;2;1;2;1;1;1;2;1;2;72,5
799;female;GB;nonsmoker;23;1;1;1;2;3;1;5;2;3;3;75
800;male;ZA;smoker;25;2;1;3;2;3;3;2;2;2;4;70
801;female;AU;nonsmoker;21;3;2;1;1;3;4;2;4;2;1;72,5
802;male;GB;smoker;22;4;1;1;3;1;1;1;4;2;3;62,5
803;female;US;smoker;26;1;2;3;5;5;2;1;4;1;3;67,5
804;male;BG;smoker;25;1;1;1;2;5;5;4;3;3;1;62,5
805;female;US;nonsmoker;19;1;1;1;5;5;5;4;3;3;4;67,5
806;male;US;nonsmoker;24;4;4;3;3;5;5;5;5;5;4;67,5
807;male;NZ;nonsmoker;18;2;1;2;3;1;5;1;2;4;3;62,5
808;female;MN;nonsmoker;19;1;1;1;1;4;5;2;3;3;3;65
809;female;US;smoker;18;1;1;1;2;2;2;1;1;3;3;62,5
810;female;GB;smoker;23;1;1;1;2;1;5;1;1;4;2;67,5
811;female;HU;smoker;26;1;3;4;5;5;5;4;5;4;1;62,5
812;female;DE;nonsmoker;25;4;1;2;2;3;2;3;4;3;3;70
813;male;AU;smoker;19;5;3;2;4;1;5;2;3;4;4;75
814;female;AU;nonsmoker;26;2;2;2;3;1;5;2;3;4;4;65
815;female;MY;nonsmoker;20;3;4;5;4;5;3;5;4;5;4;77,5
816;female;US;smoker;19;1;1;1;3;1;1;1;1;1;1;62,5
817;male;US;smoker;26;1;2;3;4;5;1;3;5;5;1;75
818;female;PK;nonsmoker;26;1;2;2;2;1;1;1;1;1;1;70
819;female;US;nonsmoker;22;2;1;1;5;1;1;1;1;1;5;57,5
820;female;US;nonsmoker;23;5;2;2;1;2;3;2;1;1;1;70
821;female;IE;smoker;22;3;1;1;3;4;5;3;1;3;3;67,5
822;male;US;smoker;20;4;2;3;5;3;5;4;3;3;4;65
823;male;CA;smoker;23;2;2;2;3;3;4;1;1;1;4;70
824;male;US;nonsmoker;19;2;2;1;1;2;2;3;4;5;2;75
825;male;US;nonsmoker;21;2;2;5;1;1;1;1;5;1;2;67,5
826;female;US;smoker;23;2;1;5;2;2;1;1;4;3;3;65
827;female;GB;nonsmoker;18;1;2;3;3;4;3;4;1;4;2;67,5
828;female;US;nonsmoker;25;2;3;2;3;2;2;2;2;4;2;62,5
829;male;US;smoker;18;4;3;2;4;2;3;4;3;2;4;72,5
830;female;AU;nonsmoker;18;1;1;2;5;4;1;1;1;1;1;67,5
831;female;IE;nonsmoker;23;1;1;2;1;5;5;3;4;3;4;62,5
832;male;GB;smoker;18;3;3;3;1;3;3;3;2;4;2;77,5
833;male;ES;nonsmoker;18;2;1;4;1;5;5;1;1;4;1;65
834;female;US;nonsmoker;22;1;1;3;2;2;5;2;2;2;1;60
835;female;ZA;nonsmoker;21;5;1;4;4;4;3;2;3;2;4;60
836;male;CA;nonsmoker;21;1;2;1;1;3;2;1;4;3;1;72,5
837;male;US;smoker;21;1;1;1;3;1;1;1;4;1;3;62,5
838;female;ID;smoker;23;4;1;2;3;2;1;1;2;4;2;27,5
839;female;ZA;smoker;26;2;1;3;2;5;4;3;2;3;3;65
840;male;US;smoker;26;3;3;3;1;2;2;2;5;4;2;62,5
841;female;US;smoker;20;2;2;3;2;2;4;2;4;5;3;67,5
842;male;US;smoker;24;5;3;1;3;4;4;4;3;3;2;70
843;female;TT;smoker;20;1;5;5;3;5;5;5;1;5;3;72,5
844;male;GB;nonsmoker;21;1;1;1;1;5;1;5;4;5;3;62,5
845;male;DE;smoker;25;1;1;1;1;1;3;1;1;3;1;62,5
846;female;US;nonsmoker;20;2;5;3;3;3;4;4;5;5;4;77,5
847;male;US;nonsmoker;25;5;2;2;4;5;5;5;4;5;3;65
848;male;US;smoker;25;2;1;2;4;4;4;5;2;1;4;67,5
849;female;US;smoker;19;1;1;1;1;1;1;1;1;1;1;75
850;male;CA;smoker;26;1;3;4;1;4;3;2;5;3;2;70
851;female;GB;nonsmoker;21;3;4;1;2;5;1;1;3;2;4;62,5
852;female;GB;smoker;21;1;1;1;1;1;1;1;2;5;3;70
853;male;GB;smoker;23;1;1;2;2;2;2;1;2;2;1;65
854;female;US;nonsmoker;25;1;1;1;1;1;2;3;3;4;1;100
855;female;US;nonsmoker;24;3;1;2;4;5;5;3;4;2;1;57,5
856;female;US;smoker;25;4;1;1;1;4;4;1;2;3;5;62,5
857;male;GB;smoker;22;2;2;2;2;4;5;5;1;4;2;62,5
858;female;ZA;nonsmoker;21;1;1;2;1;2;4;1;5;3;3;67,5
859;female;NL;smoker;26;1;1;1;1;1;1;1;1;1;3;57,5
860;female;US;smoker;23;1;1;1;4;2;2;2;5;3;2;62,5
861;male;US;smoker;20;1;1;2;1;3;3;2;1;2;1;70
862;male;GB;nonsmoker;20;1;2;2;2;5;2;1;3;1;4;70
863;female;GB;nonsmoker;19;1;1;1;3;1;3;1;1;3;1;70
864;male;MX;smoker;19;2;1;2;1;2;5;1;1;3;2;62,5
865;male;CA;nonsmoker;23;2;2;2;3;4;4;3;3;3;4;62,5
866;female;US;nonsmoker;23;3;2;3;2;4;3;4;2;3;2;67,5
867;male;FR;smoker;26;1;1;1;1;1;1;1;2;1;5;57,5
868;male;DE;nonsmoker;24;2;1;1;5;5;4;3;3;1;5;65
869;female;MY;nonsmoker;18;4;2;2;3;1;2;4;4;2;3;62,5
870;male;US;smoker;24;1;2;2;4;3;1;1;2;1;3;60
871;female;JP;smoker;24;5;2;3;3;4;4;3;3;2;2;62,5
872;female;DE;smoker;25;3;1;1;1;5;5;1;1;1;3;65
873;male;US;nonsmoker;26;2;2;2;3;2;2;2;2;4;3;80
874;female;GB;nonsmoker;26;1;1;3;5;2;2;2;3;4;4;70
875;female;GB;smoker;22;1;1;2;1;2;3;4;3;4;3;55
876;female;NO;nonsmoker;26;1;1;3;4;1;2;2;2;3;5;70
877;male;US;nonsmoker;25;1;1;1;1;2;1;3;1;2;1;70
878;female;AU;smoker;20;1;1;1;1;1;1;1;2;4;3;70
879;female;US;smoker;20;3;2;2;4;2;3;4;2;3;3;70
880;female;US;smoker;26;3;2;1;2;1;1;1;2;2;3;82,5
881;male;GB;smoker;18;1;1;1;1;2;3;4;2;4;3;75
882;male;US;smoker;21;1;2;3;4;4;1;1;2;1;3;65
883;female;VI;nonsmoker;25;2;1;1;5;1;2;1;1;3;5;77,5
884;male;US;nonsmoker;22;1;1;2;3;1;3;4;5;3;4;60
885;male;US;smoker;19;1;4;4;1;5;5;5;5;5;5;57,5
886;female;US;nonsmoker;25;1;1;2;4;1;1;1;4;3;2;75
887;male;GB;nonsmoker;19;1;1;1;1;1;1;1;3;1;2;62,5
888;female;GB;smoker;24;2;3;4;4;3;2;2;3;5;3;60
889;male;RO;smoker;22;2;2;2;3;3;3;5;4;2;3;62,5
890;female;US;nonsmoker;25;4;1;2;1;4;4;5;1;5;4;67,5
891;male;AU;nonsmoker;19;1;1;1;2;2;3;1;1;5;4;77,5
892;female;GB;smoker;19;1;1;2;1;3;4;1;1;3;3;62,5
893;male;US;smoker;24;1;1;1;3;3;3;2;1;3;2;65
894;male;US;smoker;26;2;3;4;3;2;2;2;3;3;2;65
895;male;US;smoker;18;4;2;2;2;3;5;4;5;3;4;62,5
896;female;RO;smoker;24;1;2;2;2;3;3;4;3;4;4;62,5
897;male;ZA;smoker;20;2;2;2;2;2;5;3;3;3;2;65
898;female;US;smoker;23;2;3;2;4;2;3;2;1;2;3;70
899;female;CA;nonsmoker;24;2;3;2;3;2;2;1;3;4;3;57,5
900;female;US;nonsmoker;23;1;1;2;1;1;1;1;3;1;1;70
901;female;GB;smoker;23;3;2;3;4;2;3;3;4;4;2;62,5
902;male;US;smoker;20;1;2;2;4;5;4;2;2;1;2;67,5
903;male;US;smoker;26;2;1;1;2;4;3;1;1;3;3;67,5
904;female;CA;smoker;22;1;3;1;1;1;1;2;1;2;1;65
905;male;NZ;smoker;20;1;1;1;1;1;1;1;2;4;2;65
906;male;FR;nonsmoker;26;1;1;1;3;1;4;3;1;2;1;62,5
907;male;US;smoker;24;4;1;2;2;3;5;5;5;3;5;62,5
908;female;US;nonsmoker;26;3;4;4;4;3;4;3;3;4;3;70
909;female;GB;smoker;19;2;3;2;4;3;2;4;3;2;3;62,5
910;female;ES;smoker;26;5;4;1;1;2;4;4;5;5;4;72,5
911;male;US;smoker;22;1;1;2;2;1;5;3;5;4;2;67,5
912;male;US;nonsmoker;24;1;1;1;3;1;1;1;2;1;3;62,5
913;female;US;smoker;21;4;3;2;4;;5;1;3;3;2;62,5
914;female;PH;smoker;18;3;2;3;3;5;1;2;5;2;3;45
915;female;US;nonsmoker;19;1;1;4;3;1;1;1;4;1;4;67,5
916;male;NL;smoker;18;2;2;4;4;4;3;3;1;2;4;67,5
917;female;GB;nonsmoker;18;1;1;1;4;1;3;1;1;2;3;72,5
918;male;GB;smoker;18;3;1;1;2;1;1;1;1;2;2;65
919;male;US;smoker;20;3;1;2;3;1;2;3;1;5;3;100
920;female;US;smoker;20;1;1;2;1;2;2;2;1;3;1;62,5
921;male;GB;nonsmoker;21;2;1;1;3;3;2;2;4;3;4;67,5
922;other;GB;nonsmoker;21;1;3;3;4;2;3;2;3;2;3;70
923;male;US;nonsmoker;18;1;1;3;1;5;5;2;1;1;3;65
924;female;AU;smoker;25;3;2;2;5;4;3;1;4;3;4;60
925;female;US;smoker;23;1;1;1;4;1;2;1;2;2;2;55
926;male;CL;nonsmoker;23;3;1;2;4;4;4;4;2;4;2;62,5
927;female;CA;nonsmoker;21;3;1;1;2;1;4;2;5;2;3;80
928;female;US;nonsmoker;20;1;1;5;2;1;1;1;5;1;4;67,5
929;female;GB;smoker;21;4;1;2;2;5;5;1;2;1;5;70
930;male;GB;nonsmoker;19;3;5;3;4;2;4;2;1;3;3;60
931;female;US;nonsmoker;20;3;3;3;4;5;5;5;3;5;4;75
932;male;GB;nonsmoker;18;3;4;2;2;1;1;2;1;3;2;70
933;female;US;smoker;19;4;5;5;5;5;2;1;1;1;3;65
934;male;US;nonsmoker;24;1;2;2;1;5;5;5;3;4;2;60
935;male;US;smoker;19;2;1;4;2;4;1;1;3;4;4;62,5
936;female;GB;smoker;25;2;1;2;2;5;5;3;5;2;2;60
937;female;MP;smoker;21;3;2;4;3;5;4;4;2;3;2;75
938;female;GB;nonsmoker;24;1;3;4;2;3;5;4;4;3;4;60
939;male;US;smoker;24;3;2;4;5;3;2;4;5;5;3;70
940;male;BR;smoker;23;4;1;1;3;5;1;2;3;1;2;72,5
941;male;US;nonsmoker;20;1;3;4;5;3;5;1;5;3;4;62,5
942;male;US;smoker;26;5;2;2;1;2;4;4;5;3;2;60
943;male;GB;nonsmoker;19;1;1;1;3;1;1;1;4;4;5;77,5
944;female;AU;smoker;20;2;2;2;1;2;2;1;1;2;1;55
945;female;US;nonsmoker;18;1;1;2;2;5;3;2;1;2;4;65
946;female;US;smoker;19;1;1;3;2;1;1;1;1;1;1;70
947;male;US;smoker;22;3;1;1;2;4;3;3;5;5;3;62,5
948;female;US;nonsmoker;19;2;1;2;3;3;4;3;3;4;3;72,5
949;female;US;smoker;21;4;3;1;2;4;4;4;3;4;2;75
950;female;US;nonsmoker;26;1;1;1;2;1;1;2;1;1;2;62,5
951;male;NL;smoker;26;1;2;5;3;5;1;3;3;1;3;72,5
952;male;US;smoker;24;3;1;1;4;3;2;1;3;2;4;65
953;male;US;nonsmoker;25;3;1;1;4;2;3;2;3;4;3;77,5
954;female;US;smoker;18;3;4;4;4;5;5;1;4;4;4;70
955;female;US;nonsmoker;25;4;5;3;3;3;4;2;5;2;2;72,5
956;female;CH;smoker;24;1;1;1;1;2;1;1;1;1;3;60
957;female;CA;smoker;26;1;1;1;4;1;1;1;2;4;4;60
958;female;ID;nonsmoker;25;1;1;1;3;3;3;1;1;2;3;67,5
959;female;US;smoker;21;3;2;4;3;5;5;5;2;4;3;62,5
960;female;US;smoker;24;1;2;4;3;5;5;3;2;2;3;62,5
961;female;US;nonsmoker;19;2;1;2;1;3;3;1;1;3;1;67,5
962;male;US;nonsmoker;20;1;1;1;2;1;1;1;1;2;3;70
963;female;US;smoker;26;5;2;1;3;1;1;1;3;3;5;62,5
964;female;US;smoker;18;1;1;1;3;1;1;1;1;1;1;70
965;male;AU;smoker;18;2;2;2;3;3;3;2;2;2;4;52,5
966;female;GB;nonsmoker;23;5;3;5;1;5;5;3;1;5;5;67,5
967;female;DK;nonsmoker;23;1;1;1;1;1;1;1;1;1;1;70
968;female;GB;nonsmoker;19;1;1;1;1;1;1;1;1;1;3;65
969;male;US;smoker;18;1;1;1;1;1;3;2;2;2;2;62,5
970;male;US;nonsmoker;26;1;4;5;4;2;3;4;1;2;3;67,5
971;female;US;smoker;21;1;1;1;5;2;3;4;1;3;4;57,5
972;female;US;smoker;24;3;4;3;3;3;4;1;4;5;4;67,5
973;female;IN;smoker;22;1;4;5;3;5;5;1;3;4;3;72,5
974;male;AU;nonsmoker;23;2;4;2;3;2;4;1;2;2;5;65
975;male;SE;smoker;21;2;2;3;3;3;1;1;1;1;3;67,5
976;male;CN;nonsmoker;25;1;1;1;3;5;3;4;4;4;3;65
977;male;AU;nonsmoker;23;4;2;2;2;4;4;3;1;3;3;77,5
978;female;US;smoker;26;3;2;2;2;2;3;2;3;2;3;52,5
979;male;IE;nonsmoker;25;3;1;4;3;4;4;3;4;2;3;75
980;female;GB;smoker;21;2;1;2;3;4;3;3;4;3;2;57,5
981;male;US;smoker;20;1;2;1;2;5;1;1;4;4;1;65
982;female;US;nonsmoker;25;2;1;2;3;5;4;4;3;4;3;75
983;female;PL;smoker;19;1;2;4;2;1;2;2;5;3;3;62,5
984;male;US;smoker;26;4;1;3;3;5;5;5;2;5;2;72,5
985;male;CN;smoker;25;1;1;4;5;5;2;1;1;3;2;62,5
986;male;AU;nonsmoker;22;3;2;3;3;4;2;1;1;4;4;70
987;female;AT;nonsmoker;22;1;1;3;1;1;4;1;1;5;1;67,5
988;male;GB;nonsmoker;22;;1;2;5;2;2;1;3;4;3;70
989;female;NL;smoker;19;1;1;1;1;1;1;1;1;1;1;62,5
990;male;GB;smoker;20;2;5;4;5;1;1;1;2;1;1;55
991;male;GB;nonsmoker;24;1;1;1;1;1;1;1;2;1;2;65
992;male;IT;nonsmoker;21;5;3;1;5;3;5;3;1;3;3;62,5
993;male;DE;smoker;23;3;1;1;5;5;3;2;2;3;4;72,5
994;male;GB;smoker;26;2;2;2;1;3;3;3;2;4;3;62,5
995;female;GB;smoker;23;1;1;1;1;4;4;1;3;1;3;62,5
996;male;US;smoker;22;3;2;1;1;1;2;1;1;2;2;65
997;male;US;nonsmoker;22;1;1;2;3;2;1;1;1;4;3;62,5
998;other;US;nonsmoker;19;5;3;2;1;4;5;4;2;3;4;65
999;female;US;nonsmoker;25;2;1;1;3;1;4;1;2;1;2;75
1000;female;US;smoker;23;2;1;1;1;2;2;1;1;2;1;65
1001;male;US;smoker;22;1;1;1;1;1;1;1;5;3;2;60
1002;female;US;nonsmoker;22;5;1;1;5;1;1;1;4;2;2;62,5
1003;male;US;smoker;18;1;1;1;1;1;1;1;1;1;4;62,5
1004;male;US;nonsmoker;19;4;1;1;4;4;5;4;1;3;2;55
1005;female;GR;smoker;19;1;1;2;3;3;2;2;3;2;3;90
1006;male;US;nonsmoker;18;1;2;4;5;2;2;2;3;3;4;82,5
1007;female;RO;nonsmoker;22;1;1;1;1;1;1;1;2;5;5;77,5
1008;male;IL;nonsmoker;19;2;1;3;2;2;2;1;1;1;5;70
1009;male;US;smoker;21;2;3;2;5;3;3;3;3;5;5;62,5
1010;male;GB;smoker;23;2;1;2;5;1;4;2;2;3;2;72,5
