Entity,Code,Year,Suite of Food Security Indicators - Prevalence of undernourishment (percent) (3-year average) - 210041 - Value - 6121 - %
Afghanistan,AFG,2000,46.1
Afghanistan,AFG,2001,46.4
Afghanistan,AFG,2002,43.7
Afghanistan,AFG,2003,39.8
Afghanistan,AFG,2004,36.1
Afghanistan,AFG,2005,33.2
Afghanistan,AFG,2006,30.1
Afghanistan,AFG,2007,27
Afghanistan,AFG,2008,24.5
Afghanistan,AFG,2009,22.9
Afghanistan,AFG,2010,22.1
Afghanistan,AFG,2011,22.2
Afghanistan,AFG,2012,23.2
Afghanistan,AFG,2013,25
Afghanistan,AFG,2014,26.9
Afghanistan,AFG,2015,28.6
Afghanistan,AFG,2016,29.5
Afghanistan,AFG,2017,29.8
Africa,,2000,24.6
Africa,,2001,24
Africa,,2002,23.5
Africa,,2003,22.9
Africa,,2004,22.1
Africa,,2005,21.3
Africa,,2006,20.7
Africa,,2007,20.3
Africa,,2008,20
Africa,,2009,19.5
Africa,,2010,19.1
Africa,,2011,18.7
Africa,,2012,18.5
Africa,,2013,18.3
Africa,,2014,18.3
Africa,,2015,18.6
Africa,,2016,19.1
Africa,,2017,19.6
Albania,ALB,2000,7.2
Albania,ALB,2001,7.8
Albania,ALB,2002,8.7
Albania,ALB,2003,9.7
Albania,ALB,2004,10.6
Albania,ALB,2005,10.9
Albania,ALB,2006,10.8
Albania,ALB,2007,10.3
Albania,ALB,2008,9.5
Albania,ALB,2009,8.4
Albania,ALB,2010,7.4
Albania,ALB,2011,6.6
Albania,ALB,2012,6
Albania,ALB,2013,5.8
Albania,ALB,2014,5.9
Albania,ALB,2015,6
Albania,ALB,2016,6.1
Albania,ALB,2017,6.2
Algeria,DZA,2000,10.7
Algeria,DZA,2001,10.2
Algeria,DZA,2002,9.7
Algeria,DZA,2003,9.3
Algeria,DZA,2004,9
Algeria,DZA,2005,8.8
Algeria,DZA,2006,8.4
Algeria,DZA,2007,8
Algeria,DZA,2008,7.6
Algeria,DZA,2009,7
Algeria,DZA,2010,6.3
Algeria,DZA,2011,5.6
Algeria,DZA,2012,4.9
Algeria,DZA,2013,4.5
Algeria,DZA,2014,4.2
Algeria,DZA,2015,4
Algeria,DZA,2016,3.9
Algeria,DZA,2017,3.9
Angola,AGO,2000,71.5
Angola,AGO,2001,68.9
Angola,AGO,2002,65.3
Angola,AGO,2003,61.3
Angola,AGO,2004,57.8
Angola,AGO,2005,54.8
Angola,AGO,2006,51.8
Angola,AGO,2007,48.6
Angola,AGO,2008,45.4
Angola,AGO,2009,42.5
Angola,AGO,2010,40.4
Angola,AGO,2011,38.2
Angola,AGO,2012,35.1
Angola,AGO,2013,31.2
Angola,AGO,2014,28.1
Angola,AGO,2015,26.4
Angola,AGO,2016,25.6
Angola,AGO,2017,25
Argentina,ARG,2000,3.5
Argentina,ARG,2001,4.1
Argentina,ARG,2002,4.9
Argentina,ARG,2003,5.3
Argentina,ARG,2004,5.2
Argentina,ARG,2005,4.7
Argentina,ARG,2006,4.4
Argentina,ARG,2007,4.2
Argentina,ARG,2008,4.1
Argentina,ARG,2009,4.1
Argentina,ARG,2010,4
Argentina,ARG,2011,3.9
Argentina,ARG,2012,3.7
Argentina,ARG,2013,3.5
Argentina,ARG,2014,3.4
Argentina,ARG,2015,3.6
Argentina,ARG,2016,4.1
Argentina,ARG,2017,4.6
Armenia,ARM,2000,23.8
Armenia,ARM,2001,23.5
Armenia,ARM,2002,20.7
Armenia,ARM,2003,15.6
Armenia,ARM,2004,10.9
Armenia,ARM,2005,7.8
Armenia,ARM,2006,6.1
Armenia,ARM,2007,5.4
Armenia,ARM,2008,5
Armenia,ARM,2009,5.3
Armenia,ARM,2010,5.5
Armenia,ARM,2011,5.6
Armenia,ARM,2012,5
Armenia,ARM,2013,4.4
Armenia,ARM,2014,3.9
Armenia,ARM,2015,3.8
Armenia,ARM,2016,4
Armenia,ARM,2017,4.3
Asia,,2000,17
Asia,,2001,17.3
Asia,,2002,17.6
Asia,,2003,17.7
Asia,,2004,17.6
Asia,,2005,17.2
Asia,,2006,16.4
Asia,,2007,15.6
Asia,,2008,14.8
Asia,,2009,14.2
Asia,,2010,13.7
Asia,,2011,13.3
Asia,,2012,12.9
Asia,,2013,12.5
Asia,,2014,12.1
Asia,,2015,11.8
Asia,,2016,11.5
Asia,,2017,11.4
"Asia, Central",,2000,12.7
"Asia, Central",,2001,13.8
"Asia, Central",,2002,14.2
"Asia, Central",,2003,13.6
"Asia, Central",,2004,12.4
"Asia, Central",,2005,11
"Asia, Central",,2006,9.8
"Asia, Central",,2007,8.8
"Asia, Central",,2008,8.2
"Asia, Central",,2009,7.8
"Asia, Central",,2010,7.2
"Asia, Central",,2011,6.7
"Asia, Central",,2012,6.1
"Asia, Central",,2013,5.8
"Asia, Central",,2014,5.6
"Asia, Central",,2015,5.5
"Asia, Central",,2016,5.6
"Asia, Central",,2017,5.6
Azerbaijan,AZE,2000,23
Azerbaijan,AZE,2001,18.6
Azerbaijan,AZE,2002,14.8
Azerbaijan,AZE,2003,11.4
Azerbaijan,AZE,2004,8.2
Azerbaijan,AZE,2005,5.5
Azerbaijan,AZE,2006,3.7
Azerbaijan,AZE,2007,2.8
Azerbaijan,AZE,2008,2.5
Azerbaijan,AZE,2009,2.5
Bangladesh,BGD,2000,20.8
Bangladesh,BGD,2001,18.7
Bangladesh,BGD,2002,18.2
Bangladesh,BGD,2003,17.5
Bangladesh,BGD,2004,17.1
Bangladesh,BGD,2005,16.6
Bangladesh,BGD,2006,16.3
Bangladesh,BGD,2007,16.3
Bangladesh,BGD,2008,16.4
Bangladesh,BGD,2009,16.6
Bangladesh,BGD,2010,16.9
Bangladesh,BGD,2011,16.9
Bangladesh,BGD,2012,16.9
Bangladesh,BGD,2013,16.6
Bangladesh,BGD,2014,16.2
Bangladesh,BGD,2015,15.7
Bangladesh,BGD,2016,15.2
Bangladesh,BGD,2017,14.7
Barbados,BRB,2000,5.4
Barbados,BRB,2001,5.8
Barbados,BRB,2002,6.3
Barbados,BRB,2003,6.3
Barbados,BRB,2004,6.3
Barbados,BRB,2005,5.9
Barbados,BRB,2006,5.6
Barbados,BRB,2007,5.3
Barbados,BRB,2008,5.1
Barbados,BRB,2009,5
Barbados,BRB,2010,5
Barbados,BRB,2011,4.9
Barbados,BRB,2012,4.7
Barbados,BRB,2013,4.3
Barbados,BRB,2014,3.9
Barbados,BRB,2015,3.7
Barbados,BRB,2016,3.8
Barbados,BRB,2017,3.9
Belarus,BLR,2001,2.6
Belarus,BLR,2002,3.2
Belarus,BLR,2003,3.7
Belarus,BLR,2004,3.6
Belarus,BLR,2005,3
Belize,BLZ,2000,5.8
Belize,BLZ,2001,5
Belize,BLZ,2002,4.7
Belize,BLZ,2003,4.5
Belize,BLZ,2004,4.6
Belize,BLZ,2005,4.6
Belize,BLZ,2006,4.9
Belize,BLZ,2007,5.3
Belize,BLZ,2008,5.5
Belize,BLZ,2009,5.6
Belize,BLZ,2010,5.6
Belize,BLZ,2011,5.8
Belize,BLZ,2012,6.4
Belize,BLZ,2013,7.1
Belize,BLZ,2014,7.7
Belize,BLZ,2015,8.1
Belize,BLZ,2016,8
Belize,BLZ,2017,7.5
Benin,BEN,2000,22.7
Benin,BEN,2001,20.6
Benin,BEN,2002,18.6
Benin,BEN,2003,17.4
Benin,BEN,2004,16.3
Benin,BEN,2005,15.4
Benin,BEN,2006,14.3
Benin,BEN,2007,13.3
Benin,BEN,2008,12.7
Benin,BEN,2009,12.1
Benin,BEN,2010,11.8
Benin,BEN,2011,11.3
Benin,BEN,2012,10.8
Benin,BEN,2013,10.2
Benin,BEN,2014,9.5
Benin,BEN,2015,9.9
Benin,BEN,2016,10.1
Benin,BEN,2017,10.1
Bolivia,BOL,2000,33.4
Bolivia,BOL,2001,31.6
Bolivia,BOL,2002,31.2
Bolivia,BOL,2003,31.4
Bolivia,BOL,2004,31.4
Bolivia,BOL,2005,30.3
Bolivia,BOL,2006,28.7
Bolivia,BOL,2007,28
Bolivia,BOL,2008,28.1
Bolivia,BOL,2009,28
Bolivia,BOL,2010,26.5
Bolivia,BOL,2011,24.5
Bolivia,BOL,2012,22.7
Bolivia,BOL,2013,21.1
Bolivia,BOL,2014,19.4
Bolivia,BOL,2015,18
Bolivia,BOL,2016,17.3
Bolivia,BOL,2017,17.1
Bosnia and Herzegovina,BIH,2000,4.4
Bosnia and Herzegovina,BIH,2001,4.7
Bosnia and Herzegovina,BIH,2002,4.5
Bosnia and Herzegovina,BIH,2003,4.1
Bosnia and Herzegovina,BIH,2004,3.5
Bosnia and Herzegovina,BIH,2005,3.2
Bosnia and Herzegovina,BIH,2006,2.9
Bosnia and Herzegovina,BIH,2007,2.8
Bosnia and Herzegovina,BIH,2008,2.6
Botswana,BWA,2000,35.7
Botswana,BWA,2001,35
Botswana,BWA,2002,34.7
Botswana,BWA,2003,33.5
Botswana,BWA,2004,32.4
Botswana,BWA,2005,31.9
Botswana,BWA,2006,32.2
Botswana,BWA,2007,32.4
Botswana,BWA,2008,31.8
Botswana,BWA,2009,30.5
Botswana,BWA,2010,28.5
Botswana,BWA,2011,26.5
Botswana,BWA,2012,25.1
Botswana,BWA,2013,24.9
Botswana,BWA,2014,25.3
Botswana,BWA,2015,26.1
Botswana,BWA,2016,26.4
Botswana,BWA,2017,26.4
Brazil,BRA,2000,11.9
Brazil,BRA,2001,10.6
Brazil,BRA,2002,8.7
Brazil,BRA,2003,6.9
Brazil,BRA,2004,5.6
Brazil,BRA,2005,4.6
Brazil,BRA,2006,3.9
Brazil,BRA,2007,3.2
Brazil,BRA,2008,2.7
Brunei,BRN,2000,3.1
Brunei,BRN,2001,2.8
Brunei,BRN,2007,2.7
Brunei,BRN,2008,3
Brunei,BRN,2009,3.1
Brunei,BRN,2010,3.1
Brunei,BRN,2011,2.9
Brunei,BRN,2012,2.8
Brunei,BRN,2013,2.7
Brunei,BRN,2014,2.8
Brunei,BRN,2015,3
Brunei,BRN,2016,3.1
Brunei,BRN,2017,3.2
Bulgaria,BGR,2000,4.8
Bulgaria,BGR,2001,5.2
Bulgaria,BGR,2002,5.6
Bulgaria,BGR,2003,6
Bulgaria,BGR,2004,6.3
Bulgaria,BGR,2005,6.5
Bulgaria,BGR,2006,6.3
Bulgaria,BGR,2007,6.1
Bulgaria,BGR,2008,5.8
Bulgaria,BGR,2009,5.7
Bulgaria,BGR,2010,5.6
Bulgaria,BGR,2011,5.5
Bulgaria,BGR,2012,5.4
Bulgaria,BGR,2013,5
Bulgaria,BGR,2014,4.6
Bulgaria,BGR,2015,4.1
Bulgaria,BGR,2016,3.8
Bulgaria,BGR,2017,3.6
Burkina Faso,BFA,2000,25.4
Burkina Faso,BFA,2001,25.6
Burkina Faso,BFA,2002,25.8
Burkina Faso,BFA,2003,25.6
Burkina Faso,BFA,2004,25.3
Burkina Faso,BFA,2005,24.9
Burkina Faso,BFA,2006,24.2
Burkina Faso,BFA,2007,23.6
Burkina Faso,BFA,2008,22.7
Burkina Faso,BFA,2009,21.9
Burkina Faso,BFA,2010,21.2
Burkina Faso,BFA,2011,20.7
Burkina Faso,BFA,2012,20.3
Burkina Faso,BFA,2013,20.1
Burkina Faso,BFA,2014,20
Burkina Faso,BFA,2015,20
Burkina Faso,BFA,2016,20
Burkina Faso,BFA,2017,20
Cambodia,KHM,2000,29.3
Cambodia,KHM,2001,26
Cambodia,KHM,2002,23.3
Cambodia,KHM,2003,21.8
Cambodia,KHM,2004,20.8
Cambodia,KHM,2005,20
Cambodia,KHM,2006,19.2
Cambodia,KHM,2007,18.8
Cambodia,KHM,2008,18.7
Cambodia,KHM,2009,18.8
Cambodia,KHM,2010,18.8
Cambodia,KHM,2011,18.7
Cambodia,KHM,2012,18.6
Cambodia,KHM,2013,18.4
Cambodia,KHM,2014,18.3
Cambodia,KHM,2015,17.8
Cambodia,KHM,2016,17.2
Cambodia,KHM,2017,16.4
Cameroon,CMR,2000,30.8
Cameroon,CMR,2001,28.5
Cameroon,CMR,2002,26.5
Cameroon,CMR,2003,24.4
Cameroon,CMR,2004,22.4
Cameroon,CMR,2005,20.3
Cameroon,CMR,2006,18.2
Cameroon,CMR,2007,16.2
Cameroon,CMR,2008,14.4
Cameroon,CMR,2009,12.9
Cameroon,CMR,2010,11.5
Cameroon,CMR,2011,10.1
Cameroon,CMR,2012,8.9
Cameroon,CMR,2013,8
Cameroon,CMR,2014,7.3
Cameroon,CMR,2015,7.7
Cameroon,CMR,2016,8.7
Cameroon,CMR,2017,9.9
Cape Verde,CPV,2000,17.9
Cape Verde,CPV,2001,17.9
Cape Verde,CPV,2002,17.5
Cape Verde,CPV,2003,16.3
Cape Verde,CPV,2004,14.9
Cape Verde,CPV,2005,14
Cape Verde,CPV,2006,13.9
Cape Verde,CPV,2007,14
Cape Verde,CPV,2008,14.5
Cape Verde,CPV,2009,14.9
Cape Verde,CPV,2010,15.3
Cape Verde,CPV,2011,15.1
Cape Verde,CPV,2012,14.7
Cape Verde,CPV,2013,14.2
Cape Verde,CPV,2014,13.6
Cape Verde,CPV,2015,13
Cape Verde,CPV,2016,12.7
Cape Verde,CPV,2017,12.6
Caribbean,,2000,23.9
Caribbean,,2001,23.7
Caribbean,,2002,23.9
Caribbean,,2003,24.3
Caribbean,,2004,24.1
Caribbean,,2005,23.4
Caribbean,,2006,22.6
Caribbean,,2007,22.1
Caribbean,,2008,21.6
Caribbean,,2009,20.8
Caribbean,,2010,20
Caribbean,,2011,19.5
Caribbean,,2012,19.2
Caribbean,,2013,19
Caribbean,,2014,18.7
Caribbean,,2015,18.3
Caribbean,,2016,18.1
Caribbean,,2017,18.1
Central African Republic,CAF,2000,42.5
Central African Republic,CAF,2001,42
Central African Republic,CAF,2002,41.5
Central African Republic,CAF,2003,41.4
Central African Republic,CAF,2004,40.8
Central African Republic,CAF,2005,39.5
Central African Republic,CAF,2006,37.6
Central African Republic,CAF,2007,35.6
Central African Republic,CAF,2008,33.7
Central African Republic,CAF,2009,32.4
Central African Republic,CAF,2010,32
Central African Republic,CAF,2011,33.4
Central African Republic,CAF,2012,37.5
Central African Republic,CAF,2013,44.6
Central African Republic,CAF,2014,52.2
Central African Republic,CAF,2015,57.8
Central African Republic,CAF,2016,59.8
Central African Republic,CAF,2017,59.6
Central America,,2000,8.3
Central America,,2001,7.9
Central America,,2002,7.9
Central America,,2003,8.3
Central America,,2004,8.5
Central America,,2005,8.3
Central America,,2006,7.8
Central America,,2007,7.5
Central America,,2008,7.4
Central America,,2009,7.3
Central America,,2010,7.3
Central America,,2011,7.2
Central America,,2012,7.1
Central America,,2013,6.9
Central America,,2014,6.6
Central America,,2015,6.3
Central America,,2016,6.1
Central America,,2017,6.1
Central and Southern Asia,,2000,18.5
Central and Southern Asia,,2001,19.4
Central and Southern Asia,,2002,20.6
Central and Southern Asia,,2003,21.3
Central and Southern Asia,,2004,21.4
Central and Southern Asia,,2005,20.7
Central and Southern Asia,,2006,19.5
Central and Southern Asia,,2007,18.3
Central and Southern Asia,,2008,17.4
Central and Southern Asia,,2009,17
Central and Southern Asia,,2010,16.9
Central and Southern Asia,,2011,16.8
Central and Southern Asia,,2012,16.7
Central and Southern Asia,,2013,16.4
Central and Southern Asia,,2014,15.9
Central and Southern Asia,,2015,15.3
Central and Southern Asia,,2016,14.8
Central and Southern Asia,,2017,14.5
Chad,TCD,2000,40.1
Chad,TCD,2001,39.8
Chad,TCD,2002,39.7
Chad,TCD,2003,39.1
Chad,TCD,2004,39.1
Chad,TCD,2005,39.2
Chad,TCD,2006,39.8
Chad,TCD,2007,40.3
Chad,TCD,2008,40.7
Chad,TCD,2009,40.8
Chad,TCD,2010,40
Chad,TCD,2011,38.9
Chad,TCD,2012,37.6
Chad,TCD,2013,36.9
Chad,TCD,2014,36.5
Chad,TCD,2015,36.5
Chad,TCD,2016,36.8
Chad,TCD,2017,37.5
Chile,CHL,2000,4.7
Chile,CHL,2001,4.4
Chile,CHL,2002,4.1
Chile,CHL,2003,4.1
Chile,CHL,2004,4
Chile,CHL,2005,3.9
Chile,CHL,2006,3.8
Chile,CHL,2007,3.9
Chile,CHL,2008,4.1
Chile,CHL,2009,4.2
Chile,CHL,2010,4.2
Chile,CHL,2011,4
Chile,CHL,2012,3.8
Chile,CHL,2013,3.7
Chile,CHL,2014,3.5
Chile,CHL,2015,3.2
Chile,CHL,2016,2.9
Chile,CHL,2017,2.7
China,CHN,2000,15.9
China,CHN,2001,15.8
China,CHN,2002,15.7
China,CHN,2003,15.7
China,CHN,2004,15.5
China,CHN,2005,15.2
China,CHN,2006,14.8
China,CHN,2007,14.1
China,CHN,2008,13.4
China,CHN,2009,12.6
China,CHN,2010,11.8
China,CHN,2011,11.1
China,CHN,2012,10.4
China,CHN,2013,9.7
China,CHN,2014,9.1
China,CHN,2015,8.8
China,CHN,2016,8.6
China,CHN,2017,8.5
Colombia,COL,2000,9.7
Colombia,COL,2001,9.4
Colombia,COL,2002,9.2
Colombia,COL,2003,9.2
Colombia,COL,2004,9.3
Colombia,COL,2005,9.7
Colombia,COL,2006,9.6
Colombia,COL,2007,9.3
Colombia,COL,2008,9.5
Colombia,COL,2009,10.4
Colombia,COL,2010,11.1
Colombia,COL,2011,10.8
Colombia,COL,2012,9.9
Colombia,COL,2013,8.6
Colombia,COL,2014,7.5
Colombia,COL,2015,6.5
Colombia,COL,2016,5.6
Colombia,COL,2017,4.8
Congo,COG,2000,36.8
Congo,COG,2001,34
Congo,COG,2002,32.8
Congo,COG,2003,34.2
Congo,COG,2004,36.7
Congo,COG,2005,40.2
Congo,COG,2006,41.6
Congo,COG,2007,42.2
Congo,COG,2008,41.8
Congo,COG,2009,41.3
Congo,COG,2010,40.5
Congo,COG,2011,39.5
Congo,COG,2012,39.2
Congo,COG,2013,38.7
Congo,COG,2014,38.2
Congo,COG,2015,37.7
Congo,COG,2016,38.5
Congo,COG,2017,40.3
Costa Rica,CRI,2000,5.1
Costa Rica,CRI,2001,5.3
Costa Rica,CRI,2002,5.7
Costa Rica,CRI,2003,5.9
Costa Rica,CRI,2004,5.8
Costa Rica,CRI,2005,5.4
Costa Rica,CRI,2006,5.1
Costa Rica,CRI,2007,5
Costa Rica,CRI,2008,5.1
Costa Rica,CRI,2009,5.2
Costa Rica,CRI,2010,5.2
Costa Rica,CRI,2011,5.2
Costa Rica,CRI,2012,5.4
Costa Rica,CRI,2013,5.5
Costa Rica,CRI,2014,5.4
Costa Rica,CRI,2015,5.1
Costa Rica,CRI,2016,4.7
Costa Rica,CRI,2017,4.8
Cote d'Ivoire,CIV,2000,20.4
Cote d'Ivoire,CIV,2001,21.5
Cote d'Ivoire,CIV,2002,21.7
Cote d'Ivoire,CIV,2003,21.3
Cote d'Ivoire,CIV,2004,20.5
Cote d'Ivoire,CIV,2005,20
Cote d'Ivoire,CIV,2006,20
Cote d'Ivoire,CIV,2007,20.5
Cote d'Ivoire,CIV,2008,21.3
Cote d'Ivoire,CIV,2009,21.8
Cote d'Ivoire,CIV,2010,21.9
Cote d'Ivoire,CIV,2011,21.6
Cote d'Ivoire,CIV,2012,21.5
Cote d'Ivoire,CIV,2013,21.4
Cote d'Ivoire,CIV,2014,21
Cote d'Ivoire,CIV,2015,20.4
Cote d'Ivoire,CIV,2016,19.6
Cote d'Ivoire,CIV,2017,19
Croatia,HRV,2000,10.4
Croatia,HRV,2001,7.8
Croatia,HRV,2002,5.8
Croatia,HRV,2003,4.4
Croatia,HRV,2004,3.5
Croatia,HRV,2005,2.9
Croatia,HRV,2010,2.5
Croatia,HRV,2011,2.6
Croatia,HRV,2012,2.5
Cuba,CUB,2000,3.7
Cuba,CUB,2001,2.8
Cyprus,CYP,2000,3.5
Cyprus,CYP,2001,3.9
Cyprus,CYP,2002,4.4
Cyprus,CYP,2003,4.9
Cyprus,CYP,2004,5.4
Cyprus,CYP,2005,5.7
Cyprus,CYP,2006,5.6
Cyprus,CYP,2007,5.1
Cyprus,CYP,2008,4.7
Cyprus,CYP,2009,4.4
Cyprus,CYP,2010,4.3
Cyprus,CYP,2011,4.3
Cyprus,CYP,2012,4.8
Cyprus,CYP,2013,5.4
Cyprus,CYP,2014,5.9
Cyprus,CYP,2015,6
Cyprus,CYP,2016,5.8
Cyprus,CYP,2017,5.6
Djibouti,DJI,2000,48.1
Djibouti,DJI,2001,45.4
Djibouti,DJI,2002,42.7
Djibouti,DJI,2003,39.8
Djibouti,DJI,2004,36.2
Djibouti,DJI,2005,32.2
Djibouti,DJI,2006,28.6
Djibouti,DJI,2007,25.6
Djibouti,DJI,2008,23.9
Djibouti,DJI,2009,22.9
Djibouti,DJI,2010,22.3
Djibouti,DJI,2011,21.3
Djibouti,DJI,2012,20.2
Djibouti,DJI,2013,19.3
Djibouti,DJI,2014,19
Djibouti,DJI,2015,19
Djibouti,DJI,2016,19
Djibouti,DJI,2017,18.9
Dominica,DMA,2000,4.7
Dominica,DMA,2001,4.4
Dominica,DMA,2002,4.6
Dominica,DMA,2003,5
Dominica,DMA,2004,5.5
Dominica,DMA,2005,5.7
Dominica,DMA,2006,5.6
Dominica,DMA,2007,5.1
Dominica,DMA,2008,4.9
Dominica,DMA,2009,4.9
Dominica,DMA,2010,5.2
Dominica,DMA,2011,5.6
Dominica,DMA,2012,5.9
Dominica,DMA,2013,6.2
Dominica,DMA,2014,6.3
Dominica,DMA,2015,6.5
Dominica,DMA,2016,6.4
Dominica,DMA,2017,6.2
Dominican Republic,DOM,2000,28.1
Dominican Republic,DOM,2001,27.1
Dominican Republic,DOM,2002,27.5
Dominican Republic,DOM,2003,28.3
Dominican Republic,DOM,2004,27
Dominican Republic,DOM,2005,24.4
Dominican Republic,DOM,2006,21.9
Dominican Republic,DOM,2007,20.9
Dominican Republic,DOM,2008,20.2
Dominican Republic,DOM,2009,18.6
Dominican Republic,DOM,2010,16.5
Dominican Republic,DOM,2011,14.6
Dominican Republic,DOM,2012,13.6
Dominican Republic,DOM,2013,13
Dominican Republic,DOM,2014,12.1
Dominican Republic,DOM,2015,11
Dominican Republic,DOM,2016,9.9
Dominican Republic,DOM,2017,9.5
East Asia (exc China),,2000,5.7
East Asia (exc China),,2001,5.7
East Asia (exc China),,2002,5.6
East Asia (exc China),,2003,5.6
East Asia (exc China),,2004,5.6
East Asia (exc China),,2005,5.8
East Asia (exc China),,2006,6.1
East Asia (exc China),,2007,6.4
East Asia (exc China),,2008,6.7
East Asia (exc China),,2009,6.9
East Asia (exc China),,2010,7
East Asia (exc China),,2011,6.8
East Asia (exc China),,2012,6.7
East Asia (exc China),,2013,6.8
East Asia (exc China),,2014,6.8
East Asia (exc China),,2015,6.9
East Asia (exc China),,2016,7
East Asia (exc China),,2017,7.2
Eastern Africa,,2000,39.2
Eastern Africa,,2001,38.3
Eastern Africa,,2002,37.6
Eastern Africa,,2003,36.7
Eastern Africa,,2004,35.6
Eastern Africa,,2005,34.4
Eastern Africa,,2006,33.6
Eastern Africa,,2007,33.1
Eastern Africa,,2008,32.8
Eastern Africa,,2009,32.1
Eastern Africa,,2010,31.3
Eastern Africa,,2011,30.6
Eastern Africa,,2012,30.8
Eastern Africa,,2013,30.3
Eastern Africa,,2014,30.1
Eastern Africa,,2015,30.3
Eastern Africa,,2016,30.6
Eastern Africa,,2017,30.9
Eastern Asia,,2000,14.5
Eastern Asia,,2001,14.5
Eastern Asia,,2002,14.4
Eastern Asia,,2003,14.3
Eastern Asia,,2004,14.2
Eastern Asia,,2005,14
Eastern Asia,,2006,13.7
Eastern Asia,,2007,13.2
Eastern Asia,,2008,12.5
Eastern Asia,,2009,11.9
Eastern Asia,,2010,11.2
Eastern Asia,,2011,10.6
Eastern Asia,,2012,10
Eastern Asia,,2013,9.4
Eastern Asia,,2014,8.9
Eastern Asia,,2015,8.5
Eastern Asia,,2016,8.4
Eastern Asia,,2017,8.4
Eastern Europe,,2000,3.8
Eastern Europe,,2001,3.4
Eastern Europe,,2002,2.9
Eastern Europe,,2003,2.6
Eastern and South-Eastern Asia,,2000,16.5
Eastern and South-Eastern Asia,,2001,16.3
Eastern and South-Eastern Asia,,2002,16
Eastern and South-Eastern Asia,,2003,15.8
Eastern and South-Eastern Asia,,2004,15.5
Eastern and South-Eastern Asia,,2005,15.2
Eastern and South-Eastern Asia,,2006,14.7
Eastern and South-Eastern Asia,,2007,14.1
Eastern and South-Eastern Asia,,2008,13.4
Eastern and South-Eastern Asia,,2009,12.5
Eastern and South-Eastern Asia,,2010,11.7
Eastern and South-Eastern Asia,,2011,10.9
Eastern and South-Eastern Asia,,2012,10.3
Eastern and South-Eastern Asia,,2013,9.7
Eastern and South-Eastern Asia,,2014,9.2
Eastern and South-Eastern Asia,,2015,8.9
Eastern and South-Eastern Asia,,2016,8.7
Eastern and South-Eastern Asia,,2017,8.7
Ecuador,ECU,2000,18.5
Ecuador,ECU,2001,18.8
Ecuador,ECU,2002,18.9
Ecuador,ECU,2003,18.6
Ecuador,ECU,2004,17.7
Ecuador,ECU,2005,17
Ecuador,ECU,2006,16.2
Ecuador,ECU,2007,15.6
Ecuador,ECU,2008,14.4
Ecuador,ECU,2009,12.8
Ecuador,ECU,2010,10.7
Ecuador,ECU,2011,9.1
Ecuador,ECU,2012,8.3
Ecuador,ECU,2013,8.1
Ecuador,ECU,2014,8.1
Ecuador,ECU,2015,8
Ecuador,ECU,2016,7.9
Ecuador,ECU,2017,7.9
Egypt,EGY,2000,5.2
Egypt,EGY,2001,5.1
Egypt,EGY,2002,5.2
Egypt,EGY,2003,5.3
Egypt,EGY,2004,5.5
Egypt,EGY,2005,5.4
Egypt,EGY,2006,5.1
Egypt,EGY,2007,4.8
Egypt,EGY,2008,4.6
Egypt,EGY,2009,4.5
Egypt,EGY,2010,4.5
Egypt,EGY,2011,4.5
Egypt,EGY,2012,4.4
Egypt,EGY,2013,4.4
Egypt,EGY,2014,4.4
Egypt,EGY,2015,4.4
Egypt,EGY,2016,4.4
Egypt,EGY,2017,4.5
El Salvador,SLV,2000,11
El Salvador,SLV,2001,9.3
El Salvador,SLV,2002,8.9
El Salvador,SLV,2003,9.3
El Salvador,SLV,2004,10
El Salvador,SLV,2005,10.5
El Salvador,SLV,2006,10.8
El Salvador,SLV,2007,11
El Salvador,SLV,2008,11.4
El Salvador,SLV,2009,11.9
El Salvador,SLV,2010,12.4
El Salvador,SLV,2011,12.5
El Salvador,SLV,2012,12.2
El Salvador,SLV,2013,11.5
El Salvador,SLV,2014,10.6
El Salvador,SLV,2015,9.8
El Salvador,SLV,2016,9.3
El Salvador,SLV,2017,9
Estonia,EST,2000,5.6
Estonia,EST,2001,5.5
Estonia,EST,2002,5.5
Estonia,EST,2003,5.2
Estonia,EST,2004,4.8
Estonia,EST,2005,4.2
Estonia,EST,2006,3.7
Estonia,EST,2007,3.2
Estonia,EST,2008,2.8
Estonia,EST,2009,2.6
Estonia,EST,2010,2.6
Estonia,EST,2011,2.7
Estonia,EST,2012,3
Estonia,EST,2013,3.1
Estonia,EST,2014,3.1
Estonia,EST,2015,3
Estonia,EST,2016,2.9
Estonia,EST,2017,2.9
Ethiopia,ETH,2000,52
Ethiopia,ETH,2001,49
Ethiopia,ETH,2002,46.7
Ethiopia,ETH,2003,44.2
Ethiopia,ETH,2004,42
Ethiopia,ETH,2005,39.7
Ethiopia,ETH,2006,38.5
Ethiopia,ETH,2007,37.2
Ethiopia,ETH,2008,35.6
Ethiopia,ETH,2009,33.7
Ethiopia,ETH,2010,32.1
Ethiopia,ETH,2011,30.7
Ethiopia,ETH,2012,28.9
Ethiopia,ETH,2013,26.7
Ethiopia,ETH,2014,24.5
Ethiopia,ETH,2015,22.7
Ethiopia,ETH,2016,21.4
Ethiopia,ETH,2017,20.6
Fiji,FJI,2000,4.8
Fiji,FJI,2001,4.7
Fiji,FJI,2002,4.6
Fiji,FJI,2003,4.5
Fiji,FJI,2004,4.4
Fiji,FJI,2005,4.3
Fiji,FJI,2006,4.2
Fiji,FJI,2007,4.3
Fiji,FJI,2008,4.3
Fiji,FJI,2009,4.5
Fiji,FJI,2010,4.5
Fiji,FJI,2011,4.5
Fiji,FJI,2012,4.4
Fiji,FJI,2013,4.2
Fiji,FJI,2014,4
Fiji,FJI,2015,3.8
Fiji,FJI,2016,3.7
Fiji,FJI,2017,3.7
French Polynesia,PYF,2000,4.6
French Polynesia,PYF,2001,4.3
French Polynesia,PYF,2002,4
French Polynesia,PYF,2003,3.9
French Polynesia,PYF,2004,3.9
French Polynesia,PYF,2005,3.9
French Polynesia,PYF,2006,4
French Polynesia,PYF,2007,4
French Polynesia,PYF,2008,4.1
French Polynesia,PYF,2009,4.1
French Polynesia,PYF,2010,4.2
French Polynesia,PYF,2011,4.2
French Polynesia,PYF,2012,4.1
French Polynesia,PYF,2013,4.1
French Polynesia,PYF,2014,4.1
French Polynesia,PYF,2015,4.2
French Polynesia,PYF,2016,4.2
French Polynesia,PYF,2017,4.2
Gabon,GAB,2000,10.5
Gabon,GAB,2001,10.8
Gabon,GAB,2002,11.3
Gabon,GAB,2003,11.4
Gabon,GAB,2004,11.2
Gabon,GAB,2005,10.9
Gabon,GAB,2006,11
Gabon,GAB,2007,11.2
Gabon,GAB,2008,11.5
Gabon,GAB,2009,11.3
Gabon,GAB,2010,10.8
Gabon,GAB,2011,10
Gabon,GAB,2012,9.4
Gabon,GAB,2013,8.7
Gabon,GAB,2014,8.5
Gabon,GAB,2015,8.9
Gabon,GAB,2016,9.8
Gabon,GAB,2017,10.5
Gambia,GMB,2000,13.1
Gambia,GMB,2001,12.9
Gambia,GMB,2002,13.8
Gambia,GMB,2003,14.6
Gambia,GMB,2004,15.1
Gambia,GMB,2005,15.1
Gambia,GMB,2006,14.5
Gambia,GMB,2007,12.9
Gambia,GMB,2008,11.3
Gambia,GMB,2009,10
Gambia,GMB,2010,9.3
Gambia,GMB,2011,9.1
Gambia,GMB,2012,9.4
Gambia,GMB,2013,9.8
Gambia,GMB,2014,10.1
Gambia,GMB,2015,10.2
Gambia,GMB,2016,10.2
Gambia,GMB,2017,10.2
Georgia,GEO,2000,13.5
Georgia,GEO,2001,13.6
Georgia,GEO,2002,11.4
Georgia,GEO,2003,9.2
Georgia,GEO,2004,7.9
Georgia,GEO,2005,7.2
Georgia,GEO,2006,7
Georgia,GEO,2007,6.8
Georgia,GEO,2008,6.7
Georgia,GEO,2009,7
Georgia,GEO,2010,7.7
Georgia,GEO,2011,8.1
Georgia,GEO,2012,8.1
Georgia,GEO,2013,7.7
Georgia,GEO,2014,7.5
Georgia,GEO,2015,7.6
Georgia,GEO,2016,7.8
Georgia,GEO,2017,7.9
Ghana,GHA,2000,15.6
Ghana,GHA,2001,13.6
Ghana,GHA,2002,12
Ghana,GHA,2003,11
Ghana,GHA,2004,10.1
Ghana,GHA,2005,9.3
Ghana,GHA,2006,8.3
Ghana,GHA,2007,7.3
Ghana,GHA,2008,6.3
Ghana,GHA,2009,5.6
Ghana,GHA,2010,5.3
Ghana,GHA,2011,5.5
Ghana,GHA,2012,5.9
Ghana,GHA,2013,6.2
Ghana,GHA,2014,6.3
Ghana,GHA,2015,6.2
Ghana,GHA,2016,5.9
Ghana,GHA,2017,5.5
Guatemala,GTM,2000,20.5
Guatemala,GTM,2001,18.1
Guatemala,GTM,2002,16.4
Guatemala,GTM,2003,15.8
Guatemala,GTM,2004,15.8
Guatemala,GTM,2005,15.8
Guatemala,GTM,2006,15.8
Guatemala,GTM,2007,15.7
Guatemala,GTM,2008,15.9
Guatemala,GTM,2009,15.7
Guatemala,GTM,2010,15.8
Guatemala,GTM,2011,15.8
Guatemala,GTM,2012,16.3
Guatemala,GTM,2013,16.3
Guatemala,GTM,2014,16
Guatemala,GTM,2015,15.3
Guatemala,GTM,2016,15
Guatemala,GTM,2017,15.2
Guinea,GIN,2000,26.3
Guinea,GIN,2001,25.5
Guinea,GIN,2002,24.7
Guinea,GIN,2003,23.8
Guinea,GIN,2004,22.5
Guinea,GIN,2005,21.3
Guinea,GIN,2006,20.2
Guinea,GIN,2007,19.3
Guinea,GIN,2008,18.5
Guinea,GIN,2009,18
Guinea,GIN,2010,17.6
Guinea,GIN,2011,17.2
Guinea,GIN,2012,16.5
Guinea,GIN,2013,15.7
Guinea,GIN,2014,14.9
Guinea,GIN,2015,14.8
Guinea,GIN,2016,15.5
Guinea,GIN,2017,16.5
Guinea-Bissau,GNB,2000,25.7
Guinea-Bissau,GNB,2001,24.4
Guinea-Bissau,GNB,2002,24.2
Guinea-Bissau,GNB,2003,24.5
Guinea-Bissau,GNB,2004,24.6
Guinea-Bissau,GNB,2005,24.4
Guinea-Bissau,GNB,2006,24.1
Guinea-Bissau,GNB,2007,23.7
Guinea-Bissau,GNB,2008,23.3
Guinea-Bissau,GNB,2009,22.8
Guinea-Bissau,GNB,2010,22.2
Guinea-Bissau,GNB,2011,22.2
Guinea-Bissau,GNB,2012,22.6
Guinea-Bissau,GNB,2013,23.9
Guinea-Bissau,GNB,2014,25.3
Guinea-Bissau,GNB,2015,26.6
Guinea-Bissau,GNB,2016,27.4
Guinea-Bissau,GNB,2017,28
Guyana,GUY,2000,8.3
Guyana,GUY,2001,7.9
Guyana,GUY,2002,8.1
Guyana,GUY,2003,8.5
Guyana,GUY,2004,9
Guyana,GUY,2005,9.4
Guyana,GUY,2006,10
Guyana,GUY,2007,10.6
Guyana,GUY,2008,11.2
Guyana,GUY,2009,11.4
Guyana,GUY,2010,11.2
Guyana,GUY,2011,10.5
Guyana,GUY,2012,9.6
Guyana,GUY,2013,8.8
Guyana,GUY,2014,8.4
Guyana,GUY,2015,8.2
Guyana,GUY,2016,8.1
Guyana,GUY,2017,8.1
Haiti,HTI,2000,54.9
Haiti,HTI,2001,56
Haiti,HTI,2002,56.9
Haiti,HTI,2003,57.6
Haiti,HTI,2004,57.6
Haiti,HTI,2005,57.1
Haiti,HTI,2006,55.9
Haiti,HTI,2007,54.5
Haiti,HTI,2008,52.5
Haiti,HTI,2009,50.8
Haiti,HTI,2010,49.5
Haiti,HTI,2011,49.5
Haiti,HTI,2012,49.6
Haiti,HTI,2013,49.6
Haiti,HTI,2014,49.3
Haiti,HTI,2015,48.9
Haiti,HTI,2016,49
Haiti,HTI,2017,49.3
Honduras,HND,2000,19.6
Honduras,HND,2001,18.5
Honduras,HND,2002,17.8
Honduras,HND,2003,17.5
Honduras,HND,2004,17.3
Honduras,HND,2005,17
Honduras,HND,2006,16.3
Honduras,HND,2007,15.7
Honduras,HND,2008,15.3
Honduras,HND,2009,15.2
Honduras,HND,2010,15.2
Honduras,HND,2011,15.2
Honduras,HND,2012,15.1
Honduras,HND,2013,14.8
Honduras,HND,2014,14.5
Honduras,HND,2015,13.9
Honduras,HND,2016,13.3
Honduras,HND,2017,12.9
India,IND,2000,18.2
India,IND,2001,19.4
India,IND,2002,21
India,IND,2003,22.2
India,IND,2004,22.8
India,IND,2005,22.2
India,IND,2006,20.7
India,IND,2007,19.2
India,IND,2008,18.1
India,IND,2009,17.7
India,IND,2010,17.5
India,IND,2011,17.5
India,IND,2012,17.3
India,IND,2013,16.9
India,IND,2014,16.3
India,IND,2015,15.5
India,IND,2016,14.9
India,IND,2017,14.5
Indonesia,IDN,2000,18.5
Indonesia,IDN,2001,19.1
Indonesia,IDN,2002,19.3
Indonesia,IDN,2003,19.3
Indonesia,IDN,2004,19.4
Indonesia,IDN,2005,19.4
Indonesia,IDN,2006,19.3
Indonesia,IDN,2007,18.8
Indonesia,IDN,2008,17.8
Indonesia,IDN,2009,15.8
Indonesia,IDN,2010,13.3
Indonesia,IDN,2011,10.9
Indonesia,IDN,2012,9.6
Indonesia,IDN,2013,9
Indonesia,IDN,2014,8.8
Indonesia,IDN,2015,8.7
Indonesia,IDN,2016,8.6
Indonesia,IDN,2017,8.3
Iran,IRN,2000,4.9
Iran,IRN,2001,5.4
Iran,IRN,2002,5.7
Iran,IRN,2003,5.8
Iran,IRN,2004,5.9
Iran,IRN,2005,6.1
Iran,IRN,2006,6.4
Iran,IRN,2007,6.5
Iran,IRN,2008,6.4
Iran,IRN,2009,6.1
Iran,IRN,2010,5.8
Iran,IRN,2011,5.7
Iran,IRN,2012,5.6
Iran,IRN,2013,5.4
Iran,IRN,2014,5.2
Iran,IRN,2015,5.1
Iran,IRN,2016,5
Iran,IRN,2017,4.9
Iraq,IRQ,2000,28.3
Iraq,IRQ,2001,26.9
Iraq,IRQ,2002,26.6
Iraq,IRQ,2003,27.1
Iraq,IRQ,2004,27.4
Iraq,IRQ,2005,28.2
Iraq,IRQ,2006,29.3
Iraq,IRQ,2007,30
Iraq,IRQ,2008,29.7
Iraq,IRQ,2009,28.5
Iraq,IRQ,2010,27.3
Iraq,IRQ,2011,26.6
Iraq,IRQ,2012,26.4
Iraq,IRQ,2013,26.7
Iraq,IRQ,2014,27.3
Iraq,IRQ,2015,28.2
Iraq,IRQ,2016,28.8
Iraq,IRQ,2017,29
Jamaica,JAM,2000,7.4
Jamaica,JAM,2001,6.8
Jamaica,JAM,2002,6.6
Jamaica,JAM,2003,6.6
Jamaica,JAM,2004,6.8
Jamaica,JAM,2005,7
Jamaica,JAM,2006,7.3
Jamaica,JAM,2007,7.7
Jamaica,JAM,2008,8.2
Jamaica,JAM,2009,8.6
Jamaica,JAM,2010,8.8
Jamaica,JAM,2011,9
Jamaica,JAM,2012,9.2
Jamaica,JAM,2013,9.3
Jamaica,JAM,2014,9.2
Jamaica,JAM,2015,8.8
Jamaica,JAM,2016,8.4
Jamaica,JAM,2017,8
Japan,JPN,2010,2.5
Jordan,JOR,2000,12.6
Jordan,JOR,2001,10.9
Jordan,JOR,2002,9
Jordan,JOR,2003,7.6
Jordan,JOR,2004,6.8
Jordan,JOR,2005,6.6
Jordan,JOR,2006,6.8
Jordan,JOR,2007,7.1
Jordan,JOR,2008,7.6
Jordan,JOR,2009,7.9
Jordan,JOR,2010,8.2
Jordan,JOR,2011,8.6
Jordan,JOR,2012,9.5
Jordan,JOR,2013,10.4
Jordan,JOR,2014,11.2
Jordan,JOR,2015,11.6
Jordan,JOR,2016,11.8
Jordan,JOR,2017,12.2
Kazakhstan,KAZ,2000,5.8
Kazakhstan,KAZ,2001,5.6
Kazakhstan,KAZ,2002,5.7
Kazakhstan,KAZ,2003,5.9
Kazakhstan,KAZ,2004,6.1
Kazakhstan,KAZ,2005,5.9
Kazakhstan,KAZ,2006,5.2
Kazakhstan,KAZ,2007,4.3
Kazakhstan,KAZ,2008,3.8
Kazakhstan,KAZ,2009,3.4
Kazakhstan,KAZ,2010,3.1
Kazakhstan,KAZ,2011,2.7
Kenya,KEN,2000,31.3
Kenya,KEN,2001,31.8
Kenya,KEN,2002,33.2
Kenya,KEN,2003,33
Kenya,KEN,2004,31.3
Kenya,KEN,2005,28.2
Kenya,KEN,2006,26.4
Kenya,KEN,2007,25.6
Kenya,KEN,2008,25.4
Kenya,KEN,2009,24.5
Kenya,KEN,2010,23.5
Kenya,KEN,2011,22.7
Kenya,KEN,2012,22.4
Kenya,KEN,2013,22.3
Kenya,KEN,2014,22.8
Kenya,KEN,2015,25
Kenya,KEN,2016,27.4
Kenya,KEN,2017,29.4
Kiribati,KIR,2000,4.4
Kiribati,KIR,2001,4.3
Kiribati,KIR,2002,4.5
Kiribati,KIR,2003,4.6
Kiribati,KIR,2004,4.7
Kiribati,KIR,2005,4.6
Kiribati,KIR,2006,4.6
Kiribati,KIR,2007,4.6
Kiribati,KIR,2008,4.4
Kiribati,KIR,2009,4.1
Kiribati,KIR,2010,3.7
Kiribati,KIR,2011,3.3
Kiribati,KIR,2012,3.1
Kiribati,KIR,2013,3.2
Kiribati,KIR,2014,3.2
Kiribati,KIR,2015,3.2
Kiribati,KIR,2016,3
Kiribati,KIR,2017,2.7
Kuwait,KWT,2016,2.6
Kuwait,KWT,2017,2.8
Kyrgyzstan,KGZ,2000,16.3
Kyrgyzstan,KGZ,2001,15.8
Kyrgyzstan,KGZ,2002,14.4
Kyrgyzstan,KGZ,2003,12
Kyrgyzstan,KGZ,2004,10.3
Kyrgyzstan,KGZ,2005,9.7
Kyrgyzstan,KGZ,2006,10.1
Kyrgyzstan,KGZ,2007,10.2
Kyrgyzstan,KGZ,2008,9.8
Kyrgyzstan,KGZ,2009,9
Kyrgyzstan,KGZ,2010,8.3
Kyrgyzstan,KGZ,2011,7.8
Kyrgyzstan,KGZ,2012,7.3
Kyrgyzstan,KGZ,2013,6.9
Kyrgyzstan,KGZ,2014,6.6
Kyrgyzstan,KGZ,2015,6.6
Kyrgyzstan,KGZ,2016,6.8
Kyrgyzstan,KGZ,2017,7.1
Land Locked Developing Countries,,2000,31.8
Land Locked Developing Countries,,2001,31
Land Locked Developing Countries,,2002,30.1
Land Locked Developing Countries,,2003,28.8
Land Locked Developing Countries,,2004,27.5
Land Locked Developing Countries,,2005,26.4
Land Locked Developing Countries,,2006,25.6
Land Locked Developing Countries,,2007,24.9
Land Locked Developing Countries,,2008,24.1
Land Locked Developing Countries,,2009,23.3
Land Locked Developing Countries,,2010,22.5
Land Locked Developing Countries,,2011,21.9
Land Locked Developing Countries,,2012,21.7
Land Locked Developing Countries,,2013,21.4
Land Locked Developing Countries,,2014,21.2
Land Locked Developing Countries,,2015,21.4
Land Locked Developing Countries,,2016,21.6
Land Locked Developing Countries,,2017,21.9
Laos,LAO,2000,37.7
Laos,LAO,2001,36
Laos,LAO,2002,33.9
Laos,LAO,2003,31.4
Laos,LAO,2004,29.1
Laos,LAO,2005,27
Laos,LAO,2006,25.9
Laos,LAO,2007,24.7
Laos,LAO,2008,23.9
Laos,LAO,2009,22.3
Laos,LAO,2010,21.1
Laos,LAO,2011,19.6
Laos,LAO,2012,18.7
Laos,LAO,2013,17.8
Laos,LAO,2014,17.3
Laos,LAO,2015,16.8
Laos,LAO,2016,16.7
Laos,LAO,2017,16.5
Latin America and the Caribbean	,,2000,12
Latin America and the Caribbean	,,2001,11.4
Latin America and the Caribbean	,,2002,10.9
Latin America and the Caribbean	,,2003,10.4
Latin America and the Caribbean	,,2004,9.8
Latin America and the Caribbean	,,2005,9.1
Latin America and the Caribbean	,,2006,8.4
Latin America and the Caribbean	,,2007,7.8
Latin America and the Caribbean	,,2008,7.4
Latin America and the Caribbean	,,2009,7.1
Latin America and the Caribbean	,,2010,6.8
Latin America and the Caribbean	,,2011,6.6
Latin America and the Caribbean	,,2012,6.4
Latin America and the Caribbean	,,2013,6.2
Latin America and the Caribbean	,,2014,6.2
Latin America and the Caribbean	,,2015,6.2
Latin America and the Caribbean	,,2016,6.3
Latin America and the Caribbean	,,2017,6.5
Latvia,LVA,2000,5.3
Latvia,LVA,2001,4.5
Latvia,LVA,2002,3.6
Latvia,LVA,2003,2.9
Least Developed Countries,,2000,34.4
Least Developed Countries,,2001,33.1
Least Developed Countries,,2002,32.1
Least Developed Countries,,2003,30.9
Least Developed Countries,,2004,29.7
Least Developed Countries,,2005,28.6
Least Developed Countries,,2006,27.6
Least Developed Countries,,2007,26.8
Least Developed Countries,,2008,26.1
Least Developed Countries,,2009,25.4
Least Developed Countries,,2010,24.8
Least Developed Countries,,2011,24.3
Least Developed Countries,,2012,24
Least Developed Countries,,2013,23.6
Least Developed Countries,,2014,23.3
Least Developed Countries,,2015,23.3
Least Developed Countries,,2016,23.5
Least Developed Countries,,2017,23.6
Lebanon,LBN,2002,2.5
Lebanon,LBN,2003,2.9
Lebanon,LBN,2004,3.3
Lebanon,LBN,2005,3.4
Lebanon,LBN,2006,3.4
Lebanon,LBN,2007,3.4
Lebanon,LBN,2008,3.5
Lebanon,LBN,2009,3.8
Lebanon,LBN,2010,4.5
Lebanon,LBN,2011,5.9
Lebanon,LBN,2012,7.6
Lebanon,LBN,2013,9.4
Lebanon,LBN,2014,10.5
Lebanon,LBN,2015,11.1
Lebanon,LBN,2016,11.2
Lebanon,LBN,2017,11
Lesotho,LSO,2000,13.6
Lesotho,LSO,2001,13
Lesotho,LSO,2002,12.6
Lesotho,LSO,2003,12.3
Lesotho,LSO,2004,11.9
Lesotho,LSO,2005,11.7
Lesotho,LSO,2006,11.7
Lesotho,LSO,2007,12
Lesotho,LSO,2008,12.3
Lesotho,LSO,2009,12.5
Lesotho,LSO,2010,12.7
Lesotho,LSO,2011,13.1
Lesotho,LSO,2012,13.2
Lesotho,LSO,2013,13.1
Lesotho,LSO,2014,13.1
Lesotho,LSO,2015,13.2
Lesotho,LSO,2016,13.4
Lesotho,LSO,2017,13.1
Liberia,LBR,2000,38.4
Liberia,LBR,2001,39.8
Liberia,LBR,2002,40.6
Liberia,LBR,2003,40.7
Liberia,LBR,2004,40
Liberia,LBR,2005,39.4
Liberia,LBR,2006,39
Liberia,LBR,2007,38.2
Liberia,LBR,2008,37.3
Liberia,LBR,2009,36.5
Liberia,LBR,2010,36.5
Liberia,LBR,2011,36.7
Liberia,LBR,2012,37.6
Liberia,LBR,2013,38.5
Liberia,LBR,2014,39.2
Liberia,LBR,2015,38.8
Liberia,LBR,2016,38.1
Liberia,LBR,2017,37.2
Low Income Food Deficit Countries,,2000,22.4
Low Income Food Deficit Countries,,2001,22.8
Low Income Food Deficit Countries,,2002,23.5
Low Income Food Deficit Countries,,2003,23.7
Low Income Food Deficit Countries,,2004,23.5
Low Income Food Deficit Countries,,2005,22.7
Low Income Food Deficit Countries,,2006,21.6
Low Income Food Deficit Countries,,2007,20.5
Low Income Food Deficit Countries,,2008,19.8
Low Income Food Deficit Countries,,2009,19.4
Low Income Food Deficit Countries,,2010,19.2
Low Income Food Deficit Countries,,2011,19.1
Low Income Food Deficit Countries,,2012,19
Low Income Food Deficit Countries,,2013,18.8
Low Income Food Deficit Countries,,2014,18.6
Low Income Food Deficit Countries,,2015,18.4
Low Income Food Deficit Countries,,2016,18.3
Low Income Food Deficit Countries,,2017,18.4
Low income,,2000,35.1
Low income,,2001,34.4
Low income,,2002,33.6
Low income,,2003,32.5
Low income,,2004,31.4
Low income,,2005,30.3
Low income,,2006,29.5
Low income,,2007,28.9
Low income,,2008,28.3
Low income,,2009,27.6
Low income,,2010,27
Low income,,2011,26.6
Low income,,2012,26.5
Low income,,2013,26.4
Low income,,2014,26.6
Low income,,2015,27
Low income,,2016,27.4
Low income,,2017,27.7
Lower middle income,,2000,19.2
Lower middle income,,2001,19.5
Lower middle income,,2002,20.1
Lower middle income,,2003,20.4
Lower middle income,,2004,20.2
Lower middle income,,2005,19.6
Lower middle income,,2006,18.5
Lower middle income,,2007,17.5
Lower middle income,,2008,16.6
Lower middle income,,2009,16.1
Lower middle income,,2010,15.7
Lower middle income,,2011,15.4
Lower middle income,,2012,15.2
Lower middle income,,2013,14.8
Lower middle income,,2014,14.4
Lower middle income,,2015,14
Lower middle income,,2016,13.8
Lower middle income,,2017,13.8
Macao,MAC,2000,22.6
Macao,MAC,2001,21.9
Macao,MAC,2002,20.2
Macao,MAC,2003,18.1
Macao,MAC,2004,16
Macao,MAC,2005,14.6
Macao,MAC,2006,14
Macao,MAC,2007,13.8
Macao,MAC,2008,14
Macao,MAC,2009,14
Macao,MAC,2010,13.7
Macao,MAC,2011,13.2
Macao,MAC,2012,12.6
Macao,MAC,2013,12.2
Macao,MAC,2014,11.9
Macao,MAC,2015,11.6
Macao,MAC,2016,11.4
Macao,MAC,2017,11.2
Macedonia,MKD,2000,7.9
Macedonia,MKD,2001,8.8
Macedonia,MKD,2002,8.4
Macedonia,MKD,2003,7.7
Macedonia,MKD,2004,6.7
Macedonia,MKD,2005,6.1
Macedonia,MKD,2006,5.3
Macedonia,MKD,2007,4.5
Macedonia,MKD,2008,4.1
Macedonia,MKD,2009,4.1
Macedonia,MKD,2010,4.4
Macedonia,MKD,2011,4.6
Macedonia,MKD,2012,4.6
Macedonia,MKD,2013,4.4
Macedonia,MKD,2014,4.1
Macedonia,MKD,2015,3.8
Macedonia,MKD,2016,3.5
Macedonia,MKD,2017,3.2
Madagascar,MDG,2000,34.4
Madagascar,MDG,2001,35.5
Madagascar,MDG,2002,37
Madagascar,MDG,2003,37.5
Madagascar,MDG,2004,36.9
Madagascar,MDG,2005,35
Madagascar,MDG,2006,33.5
Madagascar,MDG,2007,32.4
Madagascar,MDG,2008,32.2
Madagascar,MDG,2009,31.9
Madagascar,MDG,2010,31.8
Madagascar,MDG,2011,32.1
Madagascar,MDG,2012,33.4
Madagascar,MDG,2013,35.7
Madagascar,MDG,2014,38.4
Madagascar,MDG,2015,41.1
Madagascar,MDG,2016,43
Madagascar,MDG,2017,44.4
Malawi,MWI,2000,27.1
Malawi,MWI,2001,26.4
Malawi,MWI,2002,27
Malawi,MWI,2003,27.4
Malawi,MWI,2004,27.3
Malawi,MWI,2005,26.1
Malawi,MWI,2006,24.5
Malawi,MWI,2007,23.2
Malawi,MWI,2008,22.3
Malawi,MWI,2009,22
Malawi,MWI,2010,21.8
Malawi,MWI,2011,21.3
Malawi,MWI,2012,20.3
Malawi,MWI,2013,19
Malawi,MWI,2014,18.1
Malawi,MWI,2015,17.7
Malawi,MWI,2016,17.7
Malawi,MWI,2017,17.5
Malaysia,MYS,2000,2.8
Malaysia,MYS,2001,3.2
Malaysia,MYS,2002,3.5
Malaysia,MYS,2003,3.7
Malaysia,MYS,2004,3.8
Malaysia,MYS,2005,3.9
Malaysia,MYS,2006,4.1
Malaysia,MYS,2007,4.2
Malaysia,MYS,2008,4.2
Malaysia,MYS,2009,4
Malaysia,MYS,2010,3.7
Malaysia,MYS,2011,3.5
Malaysia,MYS,2012,3.4
Malaysia,MYS,2013,3.2
Malaysia,MYS,2014,3
Malaysia,MYS,2015,2.8
Malaysia,MYS,2016,2.6
Malaysia,MYS,2017,2.5
Maldives,MDV,2000,14
Maldives,MDV,2001,14.6
Maldives,MDV,2002,15.5
Maldives,MDV,2003,16.6
Maldives,MDV,2004,17.6
Maldives,MDV,2005,18.2
Maldives,MDV,2006,18.1
Maldives,MDV,2007,17
Maldives,MDV,2008,15.2
Maldives,MDV,2009,13.2
Maldives,MDV,2010,11.7
Maldives,MDV,2011,11
Maldives,MDV,2012,11
Maldives,MDV,2013,11.1
Maldives,MDV,2014,11.1
Maldives,MDV,2015,10.8
Maldives,MDV,2016,10.5
Maldives,MDV,2017,10.3
Mali,MLI,2000,14.6
Mali,MLI,2001,14
Mali,MLI,2002,13.5
Mali,MLI,2003,12.9
Mali,MLI,2004,12.2
Mali,MLI,2005,11.1
Mali,MLI,2006,9.8
Mali,MLI,2007,8.6
Mali,MLI,2008,7.7
Mali,MLI,2009,7.2
Mali,MLI,2010,6.9
Mali,MLI,2011,6.7
Mali,MLI,2012,6.4
Mali,MLI,2013,5.9
Mali,MLI,2014,5.6
Mali,MLI,2015,5.7
Mali,MLI,2016,6
Mali,MLI,2017,6.3
Mauritania,MRT,2000,11.6
Mauritania,MRT,2001,11.4
Mauritania,MRT,2002,11.4
Mauritania,MRT,2003,11.5
Mauritania,MRT,2004,12.1
Mauritania,MRT,2005,12.1
Mauritania,MRT,2006,11.5
Mauritania,MRT,2007,10.2
Mauritania,MRT,2008,9.3
Mauritania,MRT,2009,8.7
Mauritania,MRT,2010,8.2
Mauritania,MRT,2011,7.8
Mauritania,MRT,2012,7.2
Mauritania,MRT,2013,7.1
Mauritania,MRT,2014,7.4
Mauritania,MRT,2015,8.6
Mauritania,MRT,2016,9.6
Mauritania,MRT,2017,10.4
Mauritius,MUS,2000,6.6
Mauritius,MUS,2001,6.3
Mauritius,MUS,2002,6
Mauritius,MUS,2003,5.7
Mauritius,MUS,2004,5.5
Mauritius,MUS,2005,5.2
Mauritius,MUS,2006,5.2
Mauritius,MUS,2007,5
Mauritius,MUS,2008,4.9
Mauritius,MUS,2009,4.7
Mauritius,MUS,2010,4.8
Mauritius,MUS,2011,5.1
Mauritius,MUS,2012,5.5
Mauritius,MUS,2013,5.6
Mauritius,MUS,2014,5.6
Mauritius,MUS,2015,5.8
Mauritius,MUS,2016,6.1
Mauritius,MUS,2017,6.5
Mexico,MEX,2000,4.4
Mexico,MEX,2001,4.4
Mexico,MEX,2002,4.8
Mexico,MEX,2003,5.5
Mexico,MEX,2004,5.8
Mexico,MEX,2005,5.5
Mexico,MEX,2006,5
Mexico,MEX,2007,4.7
Mexico,MEX,2008,4.7
Mexico,MEX,2009,4.7
Mexico,MEX,2010,4.6
Mexico,MEX,2011,4.6
Mexico,MEX,2012,4.5
Mexico,MEX,2013,4.3
Mexico,MEX,2014,4.1
Mexico,MEX,2015,3.9
Mexico,MEX,2016,3.7
Mexico,MEX,2017,3.6
Middle Africa,,2000,39.3
Middle Africa,,2001,38.1
Middle Africa,,2002,36.9
Middle Africa,,2003,35.5
Middle Africa,,2004,33.9
Middle Africa,,2005,32.5
Middle Africa,,2006,31.4
Middle Africa,,2007,30.5
Middle Africa,,2008,29.7
Middle Africa,,2009,28.8
Middle Africa,,2010,27.9
Middle Africa,,2011,27
Middle Africa,,2012,26.1
Middle Africa,,2013,25.3
Middle Africa,,2014,24.8
Middle Africa,,2015,25.1
Middle Africa,,2016,25.7
Middle Africa,,2017,26.3
Mongolia,MNG,2000,35.1
Mongolia,MNG,2001,33.4
Mongolia,MNG,2002,32.7
Mongolia,MNG,2003,32.5
Mongolia,MNG,2004,32.2
Mongolia,MNG,2005,31
Mongolia,MNG,2006,29.1
Mongolia,MNG,2007,26.6
Mongolia,MNG,2008,24.2
Mongolia,MNG,2009,22.2
Mongolia,MNG,2010,20.8
Mongolia,MNG,2011,19.5
Mongolia,MNG,2012,18.4
Mongolia,MNG,2013,16.7
Mongolia,MNG,2014,15
Mongolia,MNG,2015,13.4
Mongolia,MNG,2016,13.1
Mongolia,MNG,2017,13.4
Morocco,MAR,2000,6.8
Morocco,MAR,2001,6.7
Morocco,MAR,2002,6.4
Morocco,MAR,2003,6
Morocco,MAR,2004,5.7
Morocco,MAR,2005,5.7
Morocco,MAR,2006,5.6
Morocco,MAR,2007,5.5
Morocco,MAR,2008,5.5
Morocco,MAR,2009,5.4
Morocco,MAR,2010,5.2
Morocco,MAR,2011,4.9
Morocco,MAR,2012,4.6
Morocco,MAR,2013,4.2
Morocco,MAR,2014,3.8
Morocco,MAR,2015,3.5
Morocco,MAR,2016,3.4
Morocco,MAR,2017,3.4
Mozambique,MOZ,2000,41.1
Mozambique,MOZ,2001,40.4
Mozambique,MOZ,2002,39.2
Mozambique,MOZ,2003,38.2
Mozambique,MOZ,2004,37.5
Mozambique,MOZ,2005,37
Mozambique,MOZ,2006,35.8
Mozambique,MOZ,2007,34.5
Mozambique,MOZ,2008,32.5
Mozambique,MOZ,2009,30.7
Mozambique,MOZ,2010,28.5
Mozambique,MOZ,2011,27.2
Mozambique,MOZ,2012,26.5
Mozambique,MOZ,2013,26.6
Mozambique,MOZ,2014,26.8
Mozambique,MOZ,2015,27.2
Mozambique,MOZ,2016,27.5
Mozambique,MOZ,2017,27.9
Myanmar,MMR,2000,48.3
Myanmar,MMR,2001,44.9
Myanmar,MMR,2002,41.3
Myanmar,MMR,2003,38.2
Myanmar,MMR,2004,35.3
Myanmar,MMR,2005,32
Myanmar,MMR,2006,28.5
Myanmar,MMR,2007,24.9
Myanmar,MMR,2008,21.6
Myanmar,MMR,2009,19
Myanmar,MMR,2010,16.9
Myanmar,MMR,2011,15.3
Myanmar,MMR,2012,14
Myanmar,MMR,2013,12.9
Myanmar,MMR,2014,11.8
Myanmar,MMR,2015,11
Myanmar,MMR,2016,10.6
Myanmar,MMR,2017,10.6
Namibia,NAM,2000,26.2
Namibia,NAM,2001,24.4
Namibia,NAM,2002,24.3
Namibia,NAM,2003,24.3
Namibia,NAM,2004,24.5
Namibia,NAM,2005,25.1
Namibia,NAM,2006,26.7
Namibia,NAM,2007,29.5
Namibia,NAM,2008,33.3
Namibia,NAM,2009,36.4
Namibia,NAM,2010,37.4
Namibia,NAM,2011,36.1
Namibia,NAM,2012,33.9
Namibia,NAM,2013,32
Namibia,NAM,2014,30.9
Namibia,NAM,2015,29.7
Namibia,NAM,2016,28.5
Namibia,NAM,2017,27.3
Nepal,NPL,2000,22
Nepal,NPL,2001,21.4
Nepal,NPL,2002,20.4
Nepal,NPL,2003,18.7
Nepal,NPL,2004,17.2
Nepal,NPL,2005,16
Nepal,NPL,2006,15.2
Nepal,NPL,2007,14
Nepal,NPL,2008,12.6
Nepal,NPL,2009,11.2
Nepal,NPL,2010,10.1
Nepal,NPL,2011,9.4
Nepal,NPL,2012,9
Nepal,NPL,2013,9
Nepal,NPL,2014,9.2
Nepal,NPL,2015,9.2
Nepal,NPL,2016,9
Nepal,NPL,2017,8.7
New Caledonia,NCL,2000,7.6
New Caledonia,NCL,2001,7.5
New Caledonia,NCL,2002,7.6
New Caledonia,NCL,2003,7.8
New Caledonia,NCL,2004,8
New Caledonia,NCL,2005,8.2
New Caledonia,NCL,2006,8.2
New Caledonia,NCL,2007,8.2
New Caledonia,NCL,2008,8.1
New Caledonia,NCL,2009,8
New Caledonia,NCL,2010,7.7
New Caledonia,NCL,2011,7.5
New Caledonia,NCL,2012,7.3
New Caledonia,NCL,2013,7.2
New Caledonia,NCL,2014,7.2
New Caledonia,NCL,2015,7.2
New Caledonia,NCL,2016,7.2
New Caledonia,NCL,2017,7.1
Nicaragua,NIC,2000,32.6
Nicaragua,NIC,2001,29.3
Nicaragua,NIC,2002,27.4
Nicaragua,NIC,2003,26.2
Nicaragua,NIC,2004,25.4
Nicaragua,NIC,2005,24.4
Nicaragua,NIC,2006,23.4
Nicaragua,NIC,2007,22.6
Nicaragua,NIC,2008,22.1
Nicaragua,NIC,2009,21.6
Nicaragua,NIC,2010,20.9
Nicaragua,NIC,2011,20
Nicaragua,NIC,2012,19
Nicaragua,NIC,2013,17.9
Nicaragua,NIC,2014,17.2
Nicaragua,NIC,2015,16.9
Nicaragua,NIC,2016,16.9
Nicaragua,NIC,2017,17
Niger,NER,2000,21.6
Niger,NER,2001,19.7
Niger,NER,2002,18.5
Niger,NER,2003,17.1
Niger,NER,2004,15.9
Niger,NER,2005,15.1
Niger,NER,2006,14.4
Niger,NER,2007,13.5
Niger,NER,2008,12.4
Niger,NER,2009,11.7
Niger,NER,2010,11.3
Niger,NER,2011,10.9
Niger,NER,2012,10.6
Niger,NER,2013,10.4
Niger,NER,2014,10.3
Niger,NER,2015,11.6
Niger,NER,2016,14.1
Niger,NER,2017,16.5
Nigeria,NGA,2000,9.3
Nigeria,NGA,2001,9
Nigeria,NGA,2002,9
Nigeria,NGA,2003,8.3
Nigeria,NGA,2004,7.4
Nigeria,NGA,2005,6.5
Nigeria,NGA,2006,6.1
Nigeria,NGA,2007,6
Nigeria,NGA,2008,6
Nigeria,NGA,2009,6.1
Nigeria,NGA,2010,6.2
Nigeria,NGA,2011,6.5
Nigeria,NGA,2012,7
Nigeria,NGA,2013,7.8
Nigeria,NGA,2014,8.6
Nigeria,NGA,2015,9.6
Nigeria,NGA,2016,11.5
Nigeria,NGA,2017,13.4
North Africa (exc Sudan),,2000,6.6
North Africa (exc Sudan),,2001,6.5
North Africa (exc Sudan),,2002,6.3
North Africa (exc Sudan),,2003,6.2
North Africa (exc Sudan),,2004,6.2
North Africa (exc Sudan),,2005,6.1
North Africa (exc Sudan),,2006,5.9
North Africa (exc Sudan),,2007,5.6
North Africa (exc Sudan),,2008,5.4
North Africa (exc Sudan),,2009,5.2
North Africa (exc Sudan),,2010,5.1
North Africa (exc Sudan),,2011,4.9
North Africa (exc Sudan),,2012,4.8
North Africa (exc Sudan),,2013,4.6
North Africa (exc Sudan),,2014,4.4
North Africa (exc Sudan),,2015,4.3
North Africa (exc Sudan),,2016,4.3
North Africa (exc Sudan),,2017,4.3
North Korea,PRK,2000,37.5
North Korea,PRK,2001,37.1
North Korea,PRK,2002,35.5
North Korea,PRK,2003,34.5
North Korea,PRK,2004,34.1
North Korea,PRK,2005,35.4
North Korea,PRK,2006,37.3
North Korea,PRK,2007,39.3
North Korea,PRK,2008,40.8
North Korea,PRK,2009,41.5
North Korea,PRK,2010,41.8
North Korea,PRK,2011,41.8
North Korea,PRK,2012,42.1
North Korea,PRK,2013,42.6
North Korea,PRK,2014,43.4
North Korea,PRK,2015,44.3
North Korea,PRK,2016,45.9
North Korea,PRK,2017,47.8
Northern Africa,,2000,6.6
Northern Africa,,2001,6.5
Northern Africa,,2002,6.3
Northern Africa,,2003,6.2
Northern Africa,,2004,6.2
Northern Africa,,2005,6.1
Northern Africa,,2006,5.9
Northern Africa,,2007,5.6
Northern Africa,,2008,5.4
Northern Africa,,2009,5.2
Northern Africa,,2010,5.1
Northern Africa,,2011,4.9
Northern Africa,,2012,8
Northern Africa,,2013,7.6
Northern Africa,,2014,7.2
Northern Africa,,2015,7
Northern Africa,,2016,7
Northern Africa,,2017,7.1
Northern Africa and Western Asia,,2000,8.7
Northern Africa and Western Asia,,2001,8.5
Northern Africa and Western Asia,,2002,8.3
Northern Africa and Western Asia,,2003,8.3
Northern Africa and Western Asia,,2004,8.2
Northern Africa and Western Asia,,2005,8
Northern Africa and Western Asia,,2006,7.8
Northern Africa and Western Asia,,2007,7.7
Northern Africa and Western Asia,,2008,7.5
Northern Africa and Western Asia,,2009,7.3
Northern Africa and Western Asia,,2010,7.3
Northern Africa and Western Asia,,2011,7.4
Northern Africa and Western Asia,,2012,8.8
Northern Africa and Western Asia,,2013,8.8
Northern Africa and Western Asia,,2014,8.9
Northern Africa and Western Asia,,2015,9.2
Northern Africa and Western Asia,,2016,9.5
Northern Africa and Western Asia,,2017,9.7
Oceania,,2000,5.4
Oceania,,2001,5.4
Oceania,,2002,5.4
Oceania,,2003,5.5
Oceania,,2004,5.5
Oceania,,2005,5.5
Oceania,,2006,5.3
Oceania,,2007,5.2
Oceania,,2008,5.1
Oceania,,2009,5.1
Oceania,,2010,5.2
Oceania,,2011,5.3
Oceania,,2012,5.5
Oceania,,2013,5.7
Oceania,,2014,5.8
Oceania,,2015,5.9
Oceania,,2016,6
Oceania,,2017,6.1
Oman,OMN,2000,11.9
Oman,OMN,2001,11.5
Oman,OMN,2002,11.7
Oman,OMN,2003,11.7
Oman,OMN,2004,11.3
Oman,OMN,2005,10.5
Oman,OMN,2006,9.5
Oman,OMN,2007,8.3
Oman,OMN,2008,7.1
Oman,OMN,2009,6.1
Oman,OMN,2010,5.6
Oman,OMN,2011,5.3
Oman,OMN,2012,5.1
Oman,OMN,2013,5.1
Oman,OMN,2014,5.2
Oman,OMN,2015,5.6
Oman,OMN,2016,6.1
Oman,OMN,2017,6.8
Pakistan,PAK,2000,23.4
Pakistan,PAK,2001,24.8
Pakistan,PAK,2002,25.8
Pakistan,PAK,2003,25.5
Pakistan,PAK,2004,24.5
Pakistan,PAK,2005,23.3
Pakistan,PAK,2006,22.4
Pakistan,PAK,2007,21.7
Pakistan,PAK,2008,21.3
Pakistan,PAK,2009,21.1
Pakistan,PAK,2010,21.1
Pakistan,PAK,2011,21.1
Pakistan,PAK,2012,21
Pakistan,PAK,2013,21
Pakistan,PAK,2014,21
Pakistan,PAK,2015,20.8
Pakistan,PAK,2016,20.6
Pakistan,PAK,2017,20.3
Panama,PAN,2000,27.7
Panama,PAN,2001,26.2
Panama,PAN,2002,24.3
Panama,PAN,2003,23.3
Panama,PAN,2004,23.8
Panama,PAN,2005,22.9
Panama,PAN,2006,21
Panama,PAN,2007,18.3
Panama,PAN,2008,16.3
Panama,PAN,2009,14.7
Panama,PAN,2010,13.2
Panama,PAN,2011,11.8
Panama,PAN,2012,10.5
Panama,PAN,2013,9.8
Panama,PAN,2014,9.6
Panama,PAN,2015,9.7
Panama,PAN,2016,9.9
Panama,PAN,2017,10
Paraguay,PRY,2000,12.9
Paraguay,PRY,2001,12.2
Paraguay,PRY,2002,11.5
Paraguay,PRY,2003,11
Paraguay,PRY,2004,11.2
Paraguay,PRY,2005,11.9
Paraguay,PRY,2006,12.4
Paraguay,PRY,2007,12.6
Paraguay,PRY,2008,12.8
Paraguay,PRY,2009,12.7
Paraguay,PRY,2010,12.2
Paraguay,PRY,2011,11.9
Paraguay,PRY,2012,12
Paraguay,PRY,2013,12.1
Paraguay,PRY,2014,11.7
Paraguay,PRY,2015,11.2
Paraguay,PRY,2016,10.9
Paraguay,PRY,2017,10.7
Peru,PER,2000,21.8
Peru,PER,2001,21.7
Peru,PER,2002,22.3
Peru,PER,2003,22.6
Peru,PER,2004,21.6
Peru,PER,2005,19.6
Peru,PER,2006,17.6
Peru,PER,2007,15.7
Peru,PER,2008,14.2
Peru,PER,2009,12.6
Peru,PER,2010,11.2
Peru,PER,2011,10.1
Peru,PER,2012,9.4
Peru,PER,2013,9.2
Peru,PER,2014,9.2
Peru,PER,2015,9.5
Peru,PER,2016,9.7
Peru,PER,2017,9.7
Philippines,PHL,2000,20.4
Philippines,PHL,2001,19.7
Philippines,PHL,2002,19.1
Philippines,PHL,2003,18.5
Philippines,PHL,2004,17.4
Philippines,PHL,2005,16.3
Philippines,PHL,2006,15.2
Philippines,PHL,2007,14.1
Philippines,PHL,2008,13.3
Philippines,PHL,2009,13
Philippines,PHL,2010,13.3
Philippines,PHL,2011,13.7
Philippines,PHL,2012,14.1
Philippines,PHL,2013,14.2
Philippines,PHL,2014,14
Philippines,PHL,2015,13.6
Philippines,PHL,2016,13.5
Philippines,PHL,2017,13.3
Polynesia,OWID_PYA,2000,4.9
Polynesia,OWID_PYA,2001,4.3
Polynesia,OWID_PYA,2002,4
Polynesia,OWID_PYA,2003,3.9
Polynesia,OWID_PYA,2004,3.8
Polynesia,OWID_PYA,2005,3.7
Polynesia,OWID_PYA,2006,3.8
Polynesia,OWID_PYA,2007,3.8
Polynesia,OWID_PYA,2008,3.8
Polynesia,OWID_PYA,2009,3.9
Polynesia,OWID_PYA,2010,3.8
Polynesia,OWID_PYA,2011,3.8
Polynesia,OWID_PYA,2012,3.7
Polynesia,OWID_PYA,2013,3.6
Polynesia,OWID_PYA,2014,3.6
Polynesia,OWID_PYA,2015,3.6
Polynesia,OWID_PYA,2016,3.6
Polynesia,OWID_PYA,2017,3.6
Russia,RUS,2000,5.1
Russia,RUS,2001,4.4
Russia,RUS,2002,3.7
Russia,RUS,2003,3.1
Russia,RUS,2004,2.6
Rwanda,RWA,2000,55.5
Rwanda,RWA,2001,49.7
Rwanda,RWA,2002,45.7
Rwanda,RWA,2003,44.9
Rwanda,RWA,2004,44.9
Rwanda,RWA,2005,44.5
Rwanda,RWA,2006,43.2
Rwanda,RWA,2007,41.1
Rwanda,RWA,2008,38.6
Rwanda,RWA,2009,35.9
Rwanda,RWA,2010,34
Rwanda,RWA,2011,32.9
Rwanda,RWA,2012,32.5
Rwanda,RWA,2013,32.9
Rwanda,RWA,2014,33.9
Rwanda,RWA,2015,35.1
Rwanda,RWA,2016,36
Rwanda,RWA,2017,36.8
Saint Vincent and the Grenadines,VCT,2000,16.7
Saint Vincent and the Grenadines,VCT,2001,14.8
Saint Vincent and the Grenadines,VCT,2002,12.7
Saint Vincent and the Grenadines,VCT,2003,11.1
Saint Vincent and the Grenadines,VCT,2004,9.8
Saint Vincent and the Grenadines,VCT,2005,9.1
Saint Vincent and the Grenadines,VCT,2006,8.4
Saint Vincent and the Grenadines,VCT,2007,7.8
Saint Vincent and the Grenadines,VCT,2008,7.4
Saint Vincent and the Grenadines,VCT,2009,7
Saint Vincent and the Grenadines,VCT,2010,6.7
Saint Vincent and the Grenadines,VCT,2011,6.4
Saint Vincent and the Grenadines,VCT,2012,6
Saint Vincent and the Grenadines,VCT,2013,5.7
Saint Vincent and the Grenadines,VCT,2014,5.5
Saint Vincent and the Grenadines,VCT,2015,5.7
Saint Vincent and the Grenadines,VCT,2016,5.8
Saint Vincent and the Grenadines,VCT,2017,5.7
Samoa,WSM,2000,5.3
Samoa,WSM,2001,4.4
Samoa,WSM,2002,4.1
Samoa,WSM,2003,3.8
Samoa,WSM,2004,3.6
Samoa,WSM,2005,3.5
Samoa,WSM,2006,3.5
Samoa,WSM,2007,3.6
Samoa,WSM,2008,3.5
Samoa,WSM,2009,3.5
Samoa,WSM,2010,3.4
Samoa,WSM,2011,3.3
Samoa,WSM,2012,3.1
Samoa,WSM,2013,2.9
Samoa,WSM,2014,2.8
Samoa,WSM,2015,2.7
Samoa,WSM,2016,2.7
Samoa,WSM,2017,2.7
Sao Tome and Principe,STP,2000,17.8
Sao Tome and Principe,STP,2001,14.5
Sao Tome and Principe,STP,2002,12.3
Sao Tome and Principe,STP,2003,10.9
Sao Tome and Principe,STP,2004,9.9
Sao Tome and Principe,STP,2005,9.4
Sao Tome and Principe,STP,2006,9.4
Sao Tome and Principe,STP,2007,10.1
Sao Tome and Principe,STP,2008,11.3
Sao Tome and Principe,STP,2009,12.9
Sao Tome and Principe,STP,2010,14.6
Sao Tome and Principe,STP,2011,15.5
Sao Tome and Principe,STP,2012,14.6
Sao Tome and Principe,STP,2013,12.1
Sao Tome and Principe,STP,2014,9
Sao Tome and Principe,STP,2015,7.1
Sao Tome and Principe,STP,2016,6.7
Sao Tome and Principe,STP,2017,7
Saudi Arabia,SAU,2000,6.1
Saudi Arabia,SAU,2001,6.4
Saudi Arabia,SAU,2002,7
Saudi Arabia,SAU,2003,7.6
Saudi Arabia,SAU,2004,7.9
Saudi Arabia,SAU,2005,7.9
Saudi Arabia,SAU,2006,7.7
Saudi Arabia,SAU,2007,7.7
Saudi Arabia,SAU,2008,7.7
Saudi Arabia,SAU,2009,7.6
Saudi Arabia,SAU,2010,7
Saudi Arabia,SAU,2011,6.4
Saudi Arabia,SAU,2012,5.7
Saudi Arabia,SAU,2013,5.4
Saudi Arabia,SAU,2014,5.3
Saudi Arabia,SAU,2015,5.6
Saudi Arabia,SAU,2016,6.2
Saudi Arabia,SAU,2017,7.1
Senegal,SEN,2000,28.7
Senegal,SEN,2001,27.6
Senegal,SEN,2002,26.7
Senegal,SEN,2003,25.2
Senegal,SEN,2004,23.4
Senegal,SEN,2005,21.6
Senegal,SEN,2006,19.2
Senegal,SEN,2007,16.9
Senegal,SEN,2008,14.7
Senegal,SEN,2009,13.6
Senegal,SEN,2010,13.1
Senegal,SEN,2011,13.1
Senegal,SEN,2012,13.3
Senegal,SEN,2013,13.5
Senegal,SEN,2014,13.4
Senegal,SEN,2015,13
Senegal,SEN,2016,12
Senegal,SEN,2017,11.3
Serbia,SRB,2006,6
Serbia,SRB,2007,6
Serbia,SRB,2008,6
Serbia,SRB,2009,5.9
Serbia,SRB,2010,5.9
Serbia,SRB,2011,6
Serbia,SRB,2012,6.1
Serbia,SRB,2013,6
Serbia,SRB,2014,6
Serbia,SRB,2015,5.9
Serbia,SRB,2016,5.7
Serbia,SRB,2017,5.7
Sierra Leone,SLE,2000,39.6
Sierra Leone,SLE,2001,40.3
Sierra Leone,SLE,2002,40
Sierra Leone,SLE,2003,39.6
Sierra Leone,SLE,2004,38.8
Sierra Leone,SLE,2005,37
Sierra Leone,SLE,2006,34.6
Sierra Leone,SLE,2007,32.2
Sierra Leone,SLE,2008,30.4
Sierra Leone,SLE,2009,28.7
Sierra Leone,SLE,2010,27
Sierra Leone,SLE,2011,25.2
Sierra Leone,SLE,2012,23.7
Sierra Leone,SLE,2013,22.6
Sierra Leone,SLE,2014,22
Sierra Leone,SLE,2015,23
Sierra Leone,SLE,2016,24.4
Sierra Leone,SLE,2017,25.6
Slovakia,SVK,2000,5.9
Slovakia,SVK,2001,6.5
Slovakia,SVK,2002,6.7
Slovakia,SVK,2003,6.5
Slovakia,SVK,2004,6.3
Slovakia,SVK,2005,6.2
Slovakia,SVK,2006,6.1
Slovakia,SVK,2007,5.9
Slovakia,SVK,2008,5.4
Slovakia,SVK,2009,4.8
Slovakia,SVK,2010,4.3
Slovakia,SVK,2011,4.1
Slovakia,SVK,2012,3.9
Slovakia,SVK,2013,3.8
Slovakia,SVK,2014,3.7
Slovakia,SVK,2015,3.7
Slovakia,SVK,2016,3.6
Slovakia,SVK,2017,3.4
Small island developing States,,2000,21.8
Small island developing States,,2001,21.5
Small island developing States,,2002,21.6
Small island developing States,,2003,21.8
Small island developing States,,2004,21.6
Small island developing States,,2005,21.1
Small island developing States,,2006,20.4
Small island developing States,,2007,20
Small island developing States,,2008,19.6
Small island developing States,,2009,19
Small island developing States,,2010,18.3
Small island developing States,,2011,18
Small island developing States,,2012,17.8
Small island developing States,,2013,17.8
Small island developing States,,2014,17.7
Small island developing States,,2015,17.5
Small island developing States,,2016,17.4
Small island developing States,,2017,17.5
Solomon Islands,SLB,2000,15
Solomon Islands,SLB,2001,14.5
Solomon Islands,SLB,2002,13.6
Solomon Islands,SLB,2003,12.9
Solomon Islands,SLB,2004,12.3
Solomon Islands,SLB,2005,11.9
Solomon Islands,SLB,2006,11.4
Solomon Islands,SLB,2007,11.2
Solomon Islands,SLB,2008,10.9
Solomon Islands,SLB,2009,10.7
Solomon Islands,SLB,2010,10.6
Solomon Islands,SLB,2011,11.1
Solomon Islands,SLB,2012,12.1
Solomon Islands,SLB,2013,12.8
Solomon Islands,SLB,2014,12.7
Solomon Islands,SLB,2015,11.4
Solomon Islands,SLB,2016,10
Solomon Islands,SLB,2017,8.9
South Africa,ZAF,2000,5
South Africa,ZAF,2001,4.7
South Africa,ZAF,2002,4.6
South Africa,ZAF,2003,4.4
South Africa,ZAF,2004,4.3
South Africa,ZAF,2005,4.4
South Africa,ZAF,2006,4.5
South Africa,ZAF,2007,4.6
South Africa,ZAF,2008,4.6
South Africa,ZAF,2009,4.5
South Africa,ZAF,2010,4.4
South Africa,ZAF,2011,4.4
South Africa,ZAF,2012,4.5
South Africa,ZAF,2013,4.8
South Africa,ZAF,2014,5.2
South Africa,ZAF,2015,5.7
South Africa,ZAF,2016,6.1
South Africa,ZAF,2017,6.2
South America,,2000,12.2
South America,,2001,11.5
South America,,2002,10.7
South America,,2003,9.7
South America,,2004,8.8
South America,,2005,7.9
South America,,2006,7.2
South America,,2007,6.4
South America,,2008,5.9
South America,,2009,5.6
South America,,2010,5.3
South America,,2011,5
South America,,2012,4.8
South America,,2013,4.7
South America,,2014,4.7
South America,,2015,5
South America,,2016,5.2
South America,,2017,5.4
South Asia (exc India),,2000,20.3
South Asia (exc India),,2001,20.2
South Asia (exc India),,2002,20.3
South Asia (exc India),,2003,19.7
South Asia (exc India),,2004,19
South Asia (exc India),,2005,18.3
South Asia (exc India),,2006,17.7
South Asia (exc India),,2007,17.2
South Asia (exc India),,2008,16.8
South Asia (exc India),,2009,16.5
South Asia (exc India),,2010,16.4
South Asia (exc India),,2011,16.4
South Asia (exc India),,2012,16.4
South Asia (exc India),,2013,16.3
South Asia (exc India),,2014,16.3
South Asia (exc India),,2015,16.2
South Asia (exc India),,2016,16
South Asia (exc India),,2017,15.7
South Eastern Asia,,2000,22.2
South Eastern Asia,,2001,21.5
South Eastern Asia,,2002,20.7
South Eastern Asia,,2003,19.9
South Eastern Asia,,2004,19.1
South Eastern Asia,,2005,18.4
South Eastern Asia,,2006,17.6
South Eastern Asia,,2007,16.7
South Eastern Asia,,2008,15.6
South Eastern Asia,,2009,14.3
South Eastern Asia,,2010,13
South Eastern Asia,,2011,11.7
South Eastern Asia,,2012,11
South Eastern Asia,,2013,10.5
South Eastern Asia,,2014,10.1
South Eastern Asia,,2015,9.8
South Eastern Asia,,2016,9.6
South Eastern Asia,,2017,9.4
Southern Africa,,2000,7.4
Southern Africa,,2001,7
Southern Africa,,2002,6.8
Southern Africa,,2003,6.6
Southern Africa,,2004,6.5
Southern Africa,,2005,6.5
Southern Africa,,2006,6.8
Southern Africa,,2007,7
Southern Africa,,2008,7.2
Southern Africa,,2009,7.2
Southern Africa,,2010,7.1
Southern Africa,,2011,7
Southern Africa,,2012,7
Southern Africa,,2013,7.2
Southern Africa,,2014,7.5
Southern Africa,,2015,7.9
Southern Africa,,2016,8.2
Southern Africa,,2017,8.3
Southern Asia,,2000,18.7
Southern Asia,,2001,19.6
Southern Asia,,2002,20.8
Southern Asia,,2003,21.6
Southern Asia,,2004,21.7
Southern Asia,,2005,21.1
Southern Asia,,2006,19.9
Southern Asia,,2007,18.6
Southern Asia,,2008,17.7
Southern Asia,,2009,17.3
Southern Asia,,2010,17.2
Southern Asia,,2011,17.2
Southern Asia,,2012,17.1
Southern Asia,,2013,16.8
Southern Asia,,2014,16.3
Southern Asia,,2015,15.7
Southern Asia,,2016,15.2
Southern Asia,,2017,14.9
Sri Lanka,LKA,2000,18.6
Sri Lanka,LKA,2001,18.5
Sri Lanka,LKA,2002,18.9
Sri Lanka,LKA,2003,18.9
Sri Lanka,LKA,2004,18.6
Sri Lanka,LKA,2005,18.2
Sri Lanka,LKA,2006,17.4
Sri Lanka,LKA,2007,16.5
Sri Lanka,LKA,2008,15.4
Sri Lanka,LKA,2009,14.5
Sri Lanka,LKA,2010,13.8
Sri Lanka,LKA,2011,13
Sri Lanka,LKA,2012,12.1
Sri Lanka,LKA,2013,11.1
Sri Lanka,LKA,2014,10.3
Sri Lanka,LKA,2015,9.7
Sri Lanka,LKA,2016,9.4
Sri Lanka,LKA,2017,9
Sub-Saharan Africa,,2000,28.5
Sub-Saharan Africa,,2001,27.8
Sub-Saharan Africa,,2002,27.3
Sub-Saharan Africa,,2003,26.4
Sub-Saharan Africa,,2004,25.4
Sub-Saharan Africa,,2005,24.3
Sub-Saharan Africa,,2006,23.7
Sub-Saharan Africa,,2007,23.2
Sub-Saharan Africa,,2008,22.8
Sub-Saharan Africa,,2009,22.3
Sub-Saharan Africa,,2010,21.7
Sub-Saharan Africa,,2011,21.3
Sub-Saharan Africa,,2012,21
Sub-Saharan Africa,,2013,20.9
Sub-Saharan Africa,,2014,20.8
Sub-Saharan Africa,,2015,21.2
Sub-Saharan Africa,,2016,21.9
Sub-Saharan Africa,,2017,22.5
Sub-Saharan Africa (inc. Sudan),,2000,28.5
Sub-Saharan Africa (inc. Sudan),,2001,27.7
Sub-Saharan Africa (inc. Sudan),,2002,27.2
Sub-Saharan Africa (inc. Sudan),,2003,26.4
Sub-Saharan Africa (inc. Sudan),,2004,25.4
Sub-Saharan Africa (inc. Sudan),,2005,24.4
Sub-Saharan Africa (inc. Sudan),,2006,23.7
Sub-Saharan Africa (inc. Sudan),,2007,23.2
Sub-Saharan Africa (inc. Sudan),,2008,22.8
Sub-Saharan Africa (inc. Sudan),,2009,22.3
Sub-Saharan Africa (inc. Sudan),,2010,21.8
Sub-Saharan Africa (inc. Sudan),,2011,21.4
Sub-Saharan Africa (inc. Sudan),,2012,21.1
Sub-Saharan Africa (inc. Sudan),,2013,20.9
Sub-Saharan Africa (inc. Sudan),,2014,20.8
Sub-Saharan Africa (inc. Sudan),,2015,21.2
Sub-Saharan Africa (inc. Sudan),,2016,21.8
Sub-Saharan Africa (inc. Sudan),,2017,22.4
Sudan,SDN,2012,23.5
Sudan,SDN,2013,22.5
Sudan,SDN,2014,21
Sudan,SDN,2015,20.1
Sudan,SDN,2016,19.9
Sudan,SDN,2017,20.1
Suriname,SUR,2000,13
Suriname,SUR,2001,12.9
Suriname,SUR,2002,12.4
Suriname,SUR,2003,12.1
Suriname,SUR,2004,11.6
Suriname,SUR,2005,10.9
Suriname,SUR,2006,10.3
Suriname,SUR,2007,9.7
Suriname,SUR,2008,9.1
Suriname,SUR,2009,8.4
Suriname,SUR,2010,8
Suriname,SUR,2011,8.1
Suriname,SUR,2012,8.3
Suriname,SUR,2013,8.2
Suriname,SUR,2014,8.1
Suriname,SUR,2015,8.1
Suriname,SUR,2016,8.3
Suriname,SUR,2017,8.5
Swaziland,SWZ,2000,19.2
Swaziland,SWZ,2001,17.4
Swaziland,SWZ,2002,16
Swaziland,SWZ,2003,15.3
Swaziland,SWZ,2004,15.5
Swaziland,SWZ,2005,17
Swaziland,SWZ,2006,19.1
Swaziland,SWZ,2007,21.2
Swaziland,SWZ,2008,22.6
Swaziland,SWZ,2009,23.3
Swaziland,SWZ,2010,23.2
Swaziland,SWZ,2011,22.7
Swaziland,SWZ,2012,22.7
Swaziland,SWZ,2013,22.7
Swaziland,SWZ,2014,23
Swaziland,SWZ,2015,22.4
Swaziland,SWZ,2016,21.7
Swaziland,SWZ,2017,20.6
Taiwan,TWN,2000,3.7
Taiwan,TWN,2001,4
Taiwan,TWN,2002,4.3
Taiwan,TWN,2003,4.5
Taiwan,TWN,2004,4.6
Taiwan,TWN,2005,4.7
Taiwan,TWN,2006,4.9
Taiwan,TWN,2007,5
Taiwan,TWN,2008,5.1
Taiwan,TWN,2009,5
Taiwan,TWN,2010,4.9
Taiwan,TWN,2011,4.7
Taiwan,TWN,2012,4.4
Taiwan,TWN,2013,4.1
Taiwan,TWN,2014,3.9
Taiwan,TWN,2015,3.6
Taiwan,TWN,2016,3.5
Taiwan,TWN,2017,3.5
Tanzania,TZA,2000,36.5
Tanzania,TZA,2001,36.9
Tanzania,TZA,2002,36.8
Tanzania,TZA,2003,36.8
Tanzania,TZA,2004,35.7
Tanzania,TZA,2005,34.4
Tanzania,TZA,2006,33.4
Tanzania,TZA,2007,33.2
Tanzania,TZA,2008,34.1
Tanzania,TZA,2009,34.5
Tanzania,TZA,2010,34.6
Tanzania,TZA,2011,33.6
Tanzania,TZA,2012,32.9
Tanzania,TZA,2013,32.4
Tanzania,TZA,2014,31.9
Tanzania,TZA,2015,31.5
Tanzania,TZA,2016,30.9
Tanzania,TZA,2017,30.7
Thailand,THA,2000,18.8
Thailand,THA,2001,18.3
Thailand,THA,2002,17.1
Thailand,THA,2003,15.8
Thailand,THA,2004,14.2
Thailand,THA,2005,12.5
Thailand,THA,2006,11
Thailand,THA,2007,10.3
Thailand,THA,2008,10
Thailand,THA,2009,9.8
Thailand,THA,2010,9.2
Thailand,THA,2011,8.7
Thailand,THA,2012,8.4
Thailand,THA,2013,8.2
Thailand,THA,2014,8
Thailand,THA,2015,7.9
Thailand,THA,2016,7.8
Thailand,THA,2017,7.8
Timor,TLS,2000,40.4
Timor,TLS,2001,35.6
Timor,TLS,2002,31.8
Timor,TLS,2003,30.5
Timor,TLS,2004,30.6
Timor,TLS,2005,31.3
Timor,TLS,2006,31.5
Timor,TLS,2007,31.5
Timor,TLS,2008,31
Timor,TLS,2009,30.5
Timor,TLS,2010,29.2
Timor,TLS,2011,27.9
Timor,TLS,2012,26.7
Timor,TLS,2013,26.5
Timor,TLS,2014,26.3
Timor,TLS,2015,26.1
Timor,TLS,2016,25.4
Timor,TLS,2017,24.9
Togo,TGO,2000,31.1
Togo,TGO,2001,30.5
Togo,TGO,2002,29.8
Togo,TGO,2003,28.6
Togo,TGO,2004,27.2
Togo,TGO,2005,26
Togo,TGO,2006,24.9
Togo,TGO,2007,23.9
Togo,TGO,2008,22.9
Togo,TGO,2009,22
Togo,TGO,2010,21
Togo,TGO,2011,20.1
Togo,TGO,2012,19.2
Togo,TGO,2013,18.3
Togo,TGO,2014,17.5
Togo,TGO,2015,17.1
Togo,TGO,2016,16.6
Togo,TGO,2017,16.1
Trinidad and Tobago,TTO,2000,11.6
Trinidad and Tobago,TTO,2001,11.2
Trinidad and Tobago,TTO,2002,11.3
Trinidad and Tobago,TTO,2003,11.8
Trinidad and Tobago,TTO,2004,12
Trinidad and Tobago,TTO,2005,11.8
Trinidad and Tobago,TTO,2006,11.3
Trinidad and Tobago,TTO,2007,10.7
Trinidad and Tobago,TTO,2008,10.4
Trinidad and Tobago,TTO,2009,10.1
Trinidad and Tobago,TTO,2010,9.6
Trinidad and Tobago,TTO,2011,8.6
Trinidad and Tobago,TTO,2012,7.5
Trinidad and Tobago,TTO,2013,6.8
Trinidad and Tobago,TTO,2014,6.4
Trinidad and Tobago,TTO,2015,6.3
Trinidad and Tobago,TTO,2016,5.8
Trinidad and Tobago,TTO,2017,5.5
Tunisia,TUN,2000,4.9
Tunisia,TUN,2001,5.2
Tunisia,TUN,2002,5.6
Tunisia,TUN,2003,5.6
Tunisia,TUN,2004,5.6
Tunisia,TUN,2005,5.6
Tunisia,TUN,2006,5.5
Tunisia,TUN,2007,5.4
Tunisia,TUN,2008,5.2
Tunisia,TUN,2009,5
Tunisia,TUN,2010,4.8
Tunisia,TUN,2011,4.6
Tunisia,TUN,2012,4.5
Tunisia,TUN,2013,4.5
Tunisia,TUN,2014,4.4
Tunisia,TUN,2015,4.4
Tunisia,TUN,2016,4.3
Tunisia,TUN,2017,4.3
Turkmenistan,TKM,2000,8.2
Turkmenistan,TKM,2001,7.6
Turkmenistan,TKM,2002,6.9
Turkmenistan,TKM,2003,6
Turkmenistan,TKM,2004,5.3
Turkmenistan,TKM,2005,4.8
Turkmenistan,TKM,2006,4.6
Turkmenistan,TKM,2007,4.4
Turkmenistan,TKM,2008,4.5
Turkmenistan,TKM,2009,4.6
Turkmenistan,TKM,2010,4.8
Turkmenistan,TKM,2011,4.9
Turkmenistan,TKM,2012,4.9
Turkmenistan,TKM,2013,4.8
Turkmenistan,TKM,2014,4.7
Turkmenistan,TKM,2015,4.9
Turkmenistan,TKM,2016,5.1
Turkmenistan,TKM,2017,5.4
Uganda,UGA,2000,27.7
Uganda,UGA,2001,27.4
Uganda,UGA,2002,26.4
Uganda,UGA,2003,24.9
Uganda,UGA,2004,23.7
Uganda,UGA,2005,24.1
Uganda,UGA,2006,25.8
Uganda,UGA,2007,28.1
Uganda,UGA,2008,29.6
Uganda,UGA,2009,30.4
Uganda,UGA,2010,30.9
Uganda,UGA,2011,31.6
Uganda,UGA,2012,32.3
Uganda,UGA,2013,33.4
Uganda,UGA,2014,35.1
Uganda,UGA,2015,37.5
Uganda,UGA,2016,39.7
Uganda,UGA,2017,41
Ukraine,UKR,2000,4.5
Ukraine,UKR,2001,3.6
Ukraine,UKR,2002,2.8
Ukraine,UKR,2015,3
Ukraine,UKR,2016,3.3
Ukraine,UKR,2017,3.5
United Arab Emirates,ARE,2003,2.6
United Arab Emirates,ARE,2004,3.2
United Arab Emirates,ARE,2005,4.1
United Arab Emirates,ARE,2006,4.9
United Arab Emirates,ARE,2007,5.6
United Arab Emirates,ARE,2008,6
United Arab Emirates,ARE,2009,6
United Arab Emirates,ARE,2010,5.9
United Arab Emirates,ARE,2011,5.6
United Arab Emirates,ARE,2012,5
United Arab Emirates,ARE,2013,4.4
United Arab Emirates,ARE,2014,3.7
United Arab Emirates,ARE,2015,3.1
United Arab Emirates,ARE,2016,2.8
United Arab Emirates,ARE,2017,2.6
Upper middle income,,2000,13.1
Upper middle income,,2001,12.9
Upper middle income,,2002,12.6
Upper middle income,,2003,12.3
Upper middle income,,2004,12
Upper middle income,,2005,11.6
Upper middle income,,2006,11.2
Upper middle income,,2007,10.6
Upper middle income,,2008,10.1
Upper middle income,,2009,9.5
Upper middle income,,2010,9
Upper middle income,,2011,8.5
Upper middle income,,2012,8.1
Upper middle income,,2013,7.6
Upper middle income,,2014,7.3
Upper middle income,,2015,7.1
Upper middle income,,2016,7.1
Upper middle income,,2017,7.1
Uruguay,URY,2000,4.2
Uruguay,URY,2001,4.1
Uruguay,URY,2002,4.1
Uruguay,URY,2003,4.2
Uruguay,URY,2004,4.3
Uruguay,URY,2005,4.3
Uruguay,URY,2006,4
Uruguay,URY,2007,3.5
Uruguay,URY,2008,3
Uruguay,URY,2009,2.7
Uzbekistan,UZB,2000,16.2
Uzbekistan,UZB,2001,18.8
Uzbekistan,UZB,2002,19.8
Uzbekistan,UZB,2003,18.9
Uzbekistan,UZB,2004,16.9
Uzbekistan,UZB,2005,14.5
Uzbekistan,UZB,2006,12.4
Uzbekistan,UZB,2007,11.1
Uzbekistan,UZB,2008,10.3
Uzbekistan,UZB,2009,9.7
Uzbekistan,UZB,2010,9
Uzbekistan,UZB,2011,8.1
Uzbekistan,UZB,2012,7.4
Uzbekistan,UZB,2013,6.9
Uzbekistan,UZB,2014,6.6
Uzbekistan,UZB,2015,6.4
Uzbekistan,UZB,2016,6.3
Uzbekistan,UZB,2017,6.3
Vanuatu,VUT,2000,8.2
Vanuatu,VUT,2001,8.1
Vanuatu,VUT,2002,8
Vanuatu,VUT,2003,7.7
Vanuatu,VUT,2004,7.4
Vanuatu,VUT,2005,7
Vanuatu,VUT,2006,6.6
Vanuatu,VUT,2007,6.1
Vanuatu,VUT,2008,5.8
Vanuatu,VUT,2009,5.8
Vanuatu,VUT,2010,5.9
Vanuatu,VUT,2011,6.1
Vanuatu,VUT,2012,6.3
Vanuatu,VUT,2013,6.5
Vanuatu,VUT,2014,6.7
Vanuatu,VUT,2015,6.9
Vanuatu,VUT,2016,7.1
Vanuatu,VUT,2017,7.2
Venezuela,VEN,2000,16.4
Venezuela,VEN,2001,16.3
Venezuela,VEN,2002,16.8
Venezuela,VEN,2003,15.2
Venezuela,VEN,2004,13.1
Venezuela,VEN,2005,10.5
Venezuela,VEN,2006,8.4
Venezuela,VEN,2007,6
Venezuela,VEN,2008,4
Venezuela,VEN,2009,3.1
Venezuela,VEN,2010,3.1
Venezuela,VEN,2011,3.7
Venezuela,VEN,2012,4.8
Venezuela,VEN,2013,6.4
Venezuela,VEN,2014,9.5
Venezuela,VEN,2015,13.7
Venezuela,VEN,2016,18
Venezuela,VEN,2017,21.2
Vietnam,VNM,2000,24.3
Vietnam,VNM,2001,22.5
Vietnam,VNM,2002,20.7
Vietnam,VNM,2003,19.3
Vietnam,VNM,2004,18.5
Vietnam,VNM,2005,18.2
Vietnam,VNM,2006,17.6
Vietnam,VNM,2007,16.7
Vietnam,VNM,2008,15.5
Vietnam,VNM,2009,14.5
Vietnam,VNM,2010,13.6
Vietnam,VNM,2011,12.9
Vietnam,VNM,2012,12.2
Vietnam,VNM,2013,11.4
Vietnam,VNM,2014,10.5
Vietnam,VNM,2015,9.8
Vietnam,VNM,2016,9.4
Vietnam,VNM,2017,9.3
Western Africa,,2000,15.6
Western Africa,,2001,15.2
Western Africa,,2002,14.8
Western Africa,,2003,14.1
Western Africa,,2004,13.2
Western Africa,,2005,12.3
Western Africa,,2006,11.6
Western Africa,,2007,11.1
Western Africa,,2008,10.8
Western Africa,,2009,10.5
Western Africa,,2010,10.4
Western Africa,,2011,10.4
Western Africa,,2012,10.5
Western Africa,,2013,10.9
Western Africa,,2014,11.2
Western Africa,,2015,11.7
Western Africa,,2016,12.8
Western Africa,,2017,13.9
Western Asia,,2000,10.4
Western Asia,,2001,10.1
Western Asia,,2002,9.9
Western Asia,,2003,9.8
Western Asia,,2004,9.7
Western Asia,,2005,9.5
Western Asia,,2006,9.3
Western Asia,,2007,9.2
Western Asia,,2008,9.1
Western Asia,,2009,8.9
Western Asia,,2010,9
Western Asia,,2011,9.2
Western Asia,,2012,9.6
Western Asia,,2013,9.9
Western Asia,,2014,10.4
Western Asia,,2015,11
Western Asia,,2016,11.7
Western Asia,,2017,12.1
World,OWID_WRL,2000,14.9
World,OWID_WRL,2001,14.9
World,OWID_WRL,2002,15
World,OWID_WRL,2003,15
World,OWID_WRL,2004,14.8
World,OWID_WRL,2005,14.4
World,OWID_WRL,2006,13.8
World,OWID_WRL,2007,13.2
World,OWID_WRL,2008,12.7
World,OWID_WRL,2009,12.2
World,OWID_WRL,2010,11.9
World,OWID_WRL,2011,11.6
World,OWID_WRL,2012,11.3
World,OWID_WRL,2013,11.1
World,OWID_WRL,2014,10.8
World,OWID_WRL,2015,10.7
World,OWID_WRL,2016,10.7
World,OWID_WRL,2017,10.7
Yemen,YEM,2000,29.9
Yemen,YEM,2001,30.1
Yemen,YEM,2002,30.6
Yemen,YEM,2003,31
Yemen,YEM,2004,30.9
Yemen,YEM,2005,30.1
Yemen,YEM,2006,28.9
Yemen,YEM,2007,27.6
Yemen,YEM,2008,27
Yemen,YEM,2009,26.2
Yemen,YEM,2010,25.7
Yemen,YEM,2011,25.3
Yemen,YEM,2012,26.2
Yemen,YEM,2013,28.2
Yemen,YEM,2014,31.4
Yemen,YEM,2015,34.4
Yemen,YEM,2016,37.5
Yemen,YEM,2017,38.9
Zambia,ZMB,2000,47.4
Zambia,ZMB,2001,49
Zambia,ZMB,2002,50
Zambia,ZMB,2003,49.9
Zambia,ZMB,2004,50.2
Zambia,ZMB,2005,51.1
Zambia,ZMB,2006,52.6
Zambia,ZMB,2007,53.5
Zambia,ZMB,2008,53
Zambia,ZMB,2009,51.5
Zambia,ZMB,2010,50
Zambia,ZMB,2011,48.8
Zambia,ZMB,2012,47.7
Zambia,ZMB,2013,46.2
Zambia,ZMB,2014,45
Zambia,ZMB,2015,44.8
Zambia,ZMB,2016,45.6
Zambia,ZMB,2017,46.7
Zimbabwe,ZWE,2000,40.2
Zimbabwe,ZWE,2001,40.4
Zimbabwe,ZWE,2002,40.8
Zimbabwe,ZWE,2003,41.5
Zimbabwe,ZWE,2004,41.9
Zimbabwe,ZWE,2005,42.2
Zimbabwe,ZWE,2006,42.1
Zimbabwe,ZWE,2007,42.6
Zimbabwe,ZWE,2008,43
Zimbabwe,ZWE,2009,42.8
Zimbabwe,ZWE,2010,41.9
Zimbabwe,ZWE,2011,41.3
Zimbabwe,ZWE,2012,42
Zimbabwe,ZWE,2013,44.1
Zimbabwe,ZWE,2014,46.9
Zimbabwe,ZWE,2015,49.5
Zimbabwe,ZWE,2016,50.9
Zimbabwe,ZWE,2017,51.3